id|review-parts|review-rating
0|Ein|no_rating_yet
0|cooles|no_rating_yet
0|Spiel,|no_rating_yet
0|welches|no_rating_yet
0|ziemlich|no_rating_yet
0|s√ºchtig|no_rating_yet
0|macht.|no_rating_yet
0|Habe|no_rating_yet
0|nun|no_rating_yet
0|die|no_rating_yet
0|ersten|no_rating_yet
0|50|no_rating_yet
0|Level|no_rating_yet
0|geschafft.|no_rating_yet
0|Muss|no_rating_yet
0|jedoch|no_rating_yet
0|sagen|no_rating_yet
0|dass|no_rating_yet
0|das|no_rating_yet
0|Spiel|no_rating_yet
0|ein|no_rating_yet
0|wenig|no_rating_yet
0|eint√∂nig|no_rating_yet
0|wird.|no_rating_yet
0|Die|no_rating_yet
0|Steuerung|no_rating_yet
0|finde|no_rating_yet
0|ich|no_rating_yet
0|gut.|no_rating_yet
0|Sie|no_rating_yet
0|ist|no_rating_yet
0|simple|no_rating_yet
0|und|no_rating_yet
0|besteht|no_rating_yet
0|aus|no_rating_yet
0|nur|no_rating_yet
0|zwei|no_rating_yet
0|Komponenten:|no_rating_yet
0|dem|no_rating_yet
0|R√ºckw√§rts|no_rating_yet
0|laufen|no_rating_yet
0|und|no_rating_yet
0|Speer|no_rating_yet
0|werfen.|no_rating_yet
0|Das|no_rating_yet
0|komplette|no_rating_yet
0|Design|no_rating_yet
0|ist|no_rating_yet
0|simple,|no_rating_yet
0|aber|no_rating_yet
0|sch√∂n|no_rating_yet
0|und|no_rating_yet
0|alle|no_rating_yet
0|Elemente|no_rating_yet
0|harmonieren|no_rating_yet
0|wunderbar|no_rating_yet
0|miteinander.|no_rating_yet
0|Auf|no_rating_yet
0|jeden|no_rating_yet
0|Fall|no_rating_yet
0|empfehlenswert!|no_rating_yet
1|Ich|no_rating_yet
1|sehe|no_rating_yet
1|gro√ües|no_rating_yet
1|Potential|no_rating_yet
1|darin.|no_rating_yet
1|An|no_rating_yet
1|sich|no_rating_yet
1|macht|no_rating_yet
1|es|no_rating_yet
1|f√ºr|no_rating_yet
1|Zwischendurch|no_rating_yet
1|sehr|no_rating_yet
1|Spa√ü|no_rating_yet
1|und|no_rating_yet
1|kann|no_rating_yet
1|unterhalten.|no_rating_yet
1|Sogar|no_rating_yet
1|das|no_rating_yet
1|Movement|no_rating_yet
1|ist|no_rating_yet
1|ziemlich|no_rating_yet
1|einfach|no_rating_yet
1|uns|no_rating_yet
1|handlich|no_rating_yet
1|und|no_rating_yet
1|die|no_rating_yet
1|Grafik,|no_rating_yet
1|bzw.|no_rating_yet
1|Das|no_rating_yet
1|Design|no_rating_yet
1|gef√§llt|no_rating_yet
1|mir|no_rating_yet
1|auch|no_rating_yet
1|ziemlich|no_rating_yet
1|gut.|no_rating_yet
1|Abzug|no_rating_yet
1|gibt|no_rating_yet
1|es|no_rating_yet
1|daf√ºr,|no_rating_yet
1|dass|no_rating_yet
1|ich|no_rating_yet
1|bei|no_rating_yet
1|begrenzter|no_rating_yet
1|Speer-Anzahl|no_rating_yet
1|trotz|no_rating_yet
1|des|no_rating_yet
1|eigentlich|no_rating_yet
1|toten|no_rating_yet
1|Mammuts|no_rating_yet
1|trotzdem|no_rating_yet
1|nicht|no_rating_yet
1|weiter|no_rating_yet
1|komme.|no_rating_yet
1|Das|no_rating_yet
1|verwirrt|no_rating_yet
1|mich.|no_rating_yet
2|Absolut|no_rating_yet
2|gleich|no_rating_yet
2|bleibendes|no_rating_yet
2|Spielprinzip,|no_rating_yet
2|wiederholt|no_rating_yet
2|√ºber|no_rating_yet
2|mehrere|no_rating_yet
2|Runden.|no_rating_yet
2|Dadurch|no_rating_yet
2|etwas|no_rating_yet
2|monoton,|no_rating_yet
2|aber|no_rating_yet
2|es|no_rating_yet
2|macht|no_rating_yet
2|trotzdem|no_rating_yet
2|Spa√ü.|no_rating_yet
2|Man|no_rating_yet
2|erlebt|no_rating_yet
2|wie|no_rating_yet
2|man|no_rating_yet
2|besser|no_rating_yet
2|wird.|no_rating_yet
2|Die|no_rating_yet
2|ethnischen|no_rating_yet
2|Anspielungen|no_rating_yet
2|kann|no_rating_yet
2|man|no_rating_yet
2|ignorieren|no_rating_yet
2|(Mammuts|no_rating_yet
2|waren|no_rating_yet
2|doch|no_rating_yet
2|eigentlich|no_rating_yet
2|nie|no_rating_yet
2|in|no_rating_yet
2|der|no_rating_yet
2|W√ºste|no_rating_yet
2|und|no_rating_yet
2|wurden|no_rating_yet
2|von|no_rating_yet
2|afrikanischen|no_rating_yet
2|Urv√∂lkern|no_rating_yet
2|gejagt,|no_rating_yet
2|oder?)|no_rating_yet
3|Die|no_rating_yet
3|Grafik|no_rating_yet
3|sagt|no_rating_yet
3|mir|no_rating_yet
3|sehr|no_rating_yet
3|zu|no_rating_yet
3|und|no_rating_yet
3|das|no_rating_yet
3|gameplay|no_rating_yet
3|ist|no_rating_yet
3|sehr|no_rating_yet
3|leicht.|no_rating_yet
3|An|no_rating_yet
3|sich|no_rating_yet
3|ein|no_rating_yet
3|sehr|no_rating_yet
3|gutes|no_rating_yet
3|Gelegenheitsspiel|no_rating_yet
3|mit|no_rating_yet
3|netter|no_rating_yet
3|Hintergrundmusik.|no_rating_yet
3|Das|no_rating_yet
3|Spiel|no_rating_yet
3|hat|no_rating_yet
3|gutes|no_rating_yet
3|Potential,|no_rating_yet
3|jedoch|no_rating_yet
3|wei√ü|no_rating_yet
3|ich|no_rating_yet
3|noch|no_rating_yet
3|nicht|no_rating_yet
3|so|no_rating_yet
3|recht|no_rating_yet
3|ob|no_rating_yet
3|ich|no_rating_yet
3|es|no_rating_yet
3|bis|no_rating_yet
3|lvl|no_rating_yet
3|100|no_rating_yet
3|spielen|no_rating_yet
3|kann,|no_rating_yet
3|da|no_rating_yet
3|mir|no_rating_yet
3|die|no_rating_yet
3|Motivation|no_rating_yet
3|fehlt.|no_rating_yet
3|Mir|no_rating_yet
3|fehlen|no_rating_yet
3|auch|no_rating_yet
3|irgendwie|no_rating_yet
3|Belohnungen|no_rating_yet
3|zb.|no_rating_yet
3|Die|no_rating_yet
3|√Ñnderung|no_rating_yet
3|der|no_rating_yet
3|Hintergrundmusik,|no_rating_yet
3|der|no_rating_yet
3|Kulisse|no_rating_yet
3|oder|no_rating_yet
3|evtl|no_rating_yet
3|die|no_rating_yet
3|Anpassung|no_rating_yet
3|des|no_rating_yet
3|avatars|no_rating_yet
3|bzw|no_rating_yet
3|des|no_rating_yet
3|Mammuts|no_rating_yet
3|:b|no_rating_yet
3|auch|no_rating_yet
3|fehlt|no_rating_yet
3|mir|no_rating_yet
3|ein|no_rating_yet
3|wenig|no_rating_yet
3|die|no_rating_yet
3|Abwechslung.|no_rating_yet
3|Ansonsten|no_rating_yet
3|top|no_rating_yet
3|game|no_rating_yet
3|:D|no_rating_yet
4|Big|no_rating_yet
4|Hunter|no_rating_yet
4|Mammoth|no_rating_yet
4|ist|no_rating_yet
4|das|no_rating_yet
4|beste|no_rating_yet
4|Spiel,|no_rating_yet
4|das|no_rating_yet
4|ich|no_rating_yet
4|jemals|no_rating_yet
4|spielte.|no_rating_yet
4|Es|no_rating_yet
4|wird|no_rating_yet
4|nie|no_rating_yet
4|langweilig|no_rating_yet
4|und|no_rating_yet
4|bietet|no_rating_yet
4|stets|no_rating_yet
4|neue|no_rating_yet
4|Herausforderungen.|no_rating_yet
4|Es|no_rating_yet
4|mach|no_rating_yet
4|Spa√ü|no_rating_yet
4|die|no_rating_yet
4|Speere|no_rating_yet
4|pr√§zise|no_rating_yet
4|in|no_rating_yet
4|die|no_rating_yet
4|Mammuts|no_rating_yet
4|zu|no_rating_yet
4|werfen.|no_rating_yet
4|Ich|no_rating_yet
4|habe|no_rating_yet
4|es|no_rating_yet
4|bereits|no_rating_yet
4|durchgespielt|no_rating_yet
4|und|no_rating_yet
4|spiele|no_rating_yet
4|trotzdem|no_rating_yet
4|weiter,|no_rating_yet
4|da|no_rating_yet
4|die|no_rating_yet
4|schonende|no_rating_yet
4|Steigerung|no_rating_yet
4|des|no_rating_yet
4|Schwierigkeitsgrades|no_rating_yet
4|dieses|no_rating_yet
4|Kakarod|no_rating_yet
4|Spiels|no_rating_yet
4|trainiert.|no_rating_yet
4|Schon|no_rating_yet
4|bald|no_rating_yet
4|hatte|no_rating_yet
4|ich|no_rating_yet
4|den|no_rating_yet
4|Bogen|no_rating_yet
4|raus|no_rating_yet
4|und|no_rating_yet
4|immer|no_rating_yet
4|gr√∂√üere|no_rating_yet
4|Mammuts|no_rating_yet
4|waren|no_rating_yet
4|kein|no_rating_yet
4|Problem|no_rating_yet
4|mehr.|no_rating_yet
4|Bin|no_rating_yet
4|restlos|no_rating_yet
4|begeistert!|no_rating_yet
5|Das|no_rating_yet
5|Spiel|no_rating_yet
5|ist|no_rating_yet
5|so|no_rating_yet
5|geil,|no_rating_yet
5|aber|no_rating_yet
5|es|no_rating_yet
5|st√ºrzt|no_rating_yet
5|immer|no_rating_yet
5|irgendwann|no_rating_yet
5|ab,|no_rating_yet
5|dann|no_rating_yet
5|komm|no_rating_yet
5|ich|no_rating_yet
5|nicht|no_rating_yet
5|mehr|no_rating_yet
5|rein.|no_rating_yet
5|Erst|no_rating_yet
5|wenn|no_rating_yet
5|ich|no_rating_yet
5|Daten|no_rating_yet
5|und|no_rating_yet
5|Cache|no_rating_yet
5|l√∂sche|no_rating_yet
5|(ganzer|no_rating_yet
5|Fortschritt|no_rating_yet
5|weg),|no_rating_yet
5|kann|no_rating_yet
5|ich|no_rating_yet
5|es|no_rating_yet
5|wieder|no_rating_yet
5|starten,|no_rating_yet
5|bis|no_rating_yet
5|ich|no_rating_yet
5|mal|no_rating_yet
5|aufh√∂re|no_rating_yet
5|und|no_rating_yet
5|dann|no_rating_yet
5|st√ºrzt|no_rating_yet
5|es|no_rating_yet
5|wieder|no_rating_yet
5|permanent|no_rating_yet
5|ab!|no_rating_yet
5|War|no_rating_yet
5|grad|no_rating_yet
5|bei|no_rating_yet
5|Level|no_rating_yet
5|20,|no_rating_yet
5|stoppt|no_rating_yet
5|pl√∂tzlich|no_rating_yet
5|und|no_rating_yet
5|ich|no_rating_yet
5|bin|no_rating_yet
5|am|no_rating_yet
5|Desktop!|no_rating_yet
5|So|no_rating_yet
5|komme|no_rating_yet
5|ich|no_rating_yet
5|nie|no_rating_yet
5|weiter,|no_rating_yet
5|aber|no_rating_yet
5|warum?|no_rating_yet
5|Bei|no_rating_yet
5|anderen|no_rating_yet
5|funktioniert|no_rating_yet
5|es|no_rating_yet
5|auch|no_rating_yet
5|einwandfrei!|no_rating_yet
5|Ich|no_rating_yet
5|hab|no_rating_yet
5|ein|no_rating_yet
5|SONY|no_rating_yet
5|XPERIA|no_rating_yet
5|SP.|no_rating_yet
5|Bitte|no_rating_yet
5|um|no_rating_yet
5|Hilfe|no_rating_yet
5|oder|no_rating_yet
5|Update!!|no_rating_yet
6|NEGATIVES|no_rating_yet
6|VORWEG:|no_rating_yet
6|das|no_rating_yet
6|Ende|no_rating_yet
6|ist|no_rating_yet
6|entt√§uschend.|no_rating_yet
6|Das|no_rating_yet
6|letzte|no_rating_yet
6|Level|no_rating_yet
6|hat|no_rating_yet
6|keine|no_rating_yet
6|besonderen|no_rating_yet
6|Features.|no_rating_yet
6|Das|no_rating_yet
6|\"?\"|no_rating_yet
6|ist|no_rating_yet
6|kein|no_rating_yet
6|Zusatzlevel|no_rating_yet
6|sondern|no_rating_yet
6|ein|no_rating_yet
6|Abspann.|no_rating_yet
6|Wiederspielwert|no_rating_yet
6|jetzt|no_rating_yet
6|wo|no_rating_yet
6|ich|no_rating_yet
6|durch|no_rating_yet
6|bin|no_rating_yet
6|daher|no_rating_yet
6|gering!|no_rating_yet
6|Ansonsten:|no_rating_yet
6|Die|no_rating_yet
6|simple|no_rating_yet
6|Spielmechanik|no_rating_yet
6|und|no_rating_yet
6|die|no_rating_yet
6|kurzen|no_rating_yet
6|Runden|no_rating_yet
6|machen|no_rating_yet
6|den|no_rating_yet
6|Reiz|no_rating_yet
6|dieses|no_rating_yet
6|Spiels|no_rating_yet
6|aus:|no_rating_yet
6|keine|no_rating_yet
6|lange|no_rating_yet
6|Eingew√∂hnung|no_rating_yet
6|und|no_rating_yet
6|super|no_rating_yet
6|f√ºr|no_rating_yet
6|zwischendurch.|no_rating_yet
6|Eine|no_rating_yet
6|Mischung|no_rating_yet
6|aus|no_rating_yet
6|Geduld|no_rating_yet
6|und|no_rating_yet
6|Geschicklichkeit|no_rating_yet
6|sind|no_rating_yet
6|gefragt.|no_rating_yet
7|Es|no_rating_yet
7|macht|no_rating_yet
7|Spa√ü|no_rating_yet
7|aber|no_rating_yet
7|es|no_rating_yet
7|nervt|no_rating_yet
7|dass|no_rating_yet
7|man|no_rating_yet
7|die|no_rating_yet
7|Punkte|no_rating_yet
7|treffen|no_rating_yet
7|muss.|no_rating_yet
7|Einer|no_rating_yet
7|ist|no_rating_yet
7|noch|no_rating_yet
7|ok|no_rating_yet
7|aber|no_rating_yet
7|ab|no_rating_yet
7|2|no_rating_yet
7|ist|no_rating_yet
7|es|no_rating_yet
7|bl√∂d.|no_rating_yet
7|Neue|no_rating_yet
7|Speere|no_rating_yet
7|die|no_rating_yet
7|man|no_rating_yet
7|Freischalten|no_rating_yet
7|muss|no_rating_yet
7|w√ºrden|no_rating_yet
7|das|no_rating_yet
7|Spiel|no_rating_yet
7|verbessern|no_rating_yet
7|und|no_rating_yet
7|andere|no_rating_yet
7|Tiere|no_rating_yet
7|wie|no_rating_yet
7|z.b.|no_rating_yet
7|W√∂lfe,|no_rating_yet
7|s√§belzahntieger,|no_rating_yet
7|Dinosaurier.|no_rating_yet
7|St√ºrtzt|no_rating_yet
7|pl√∂tzlich|no_rating_yet
7|ab???|no_rating_yet
7|L√§sst|no_rating_yet
7|sich|no_rating_yet
7|nicht|no_rating_yet
7|starten.|no_rating_yet
8|Ich|no_rating_yet
8|komm|no_rating_yet
8|sobald|no_rating_yet
8|ich|no_rating_yet
8|einmal|no_rating_yet
8|ausm|no_rating_yet
8|Spiel|no_rating_yet
8|gegangen|no_rating_yet
8|bin|no_rating_yet
8|nich|no_rating_yet
8|mehr|no_rating_yet
8|rein.|no_rating_yet
8|Da|no_rating_yet
8|steht|no_rating_yet
8|dann|no_rating_yet
8|tap|no_rating_yet
8|to|no_rating_yet
8|play.|no_rating_yet
8|Ich|no_rating_yet
8|klick|no_rating_yet
8|drauf|no_rating_yet
8|und|no_rating_yet
8|das|no_rating_yet
8|Spiel|no_rating_yet
8|schlie√üt|no_rating_yet
8|sich|no_rating_yet
8|!!!!|no_rating_yet
8|Kann|no_rating_yet
8|ich|no_rating_yet
8|gleich|no_rating_yet
8|wieder|no_rating_yet
8|deinstallieren.|no_rating_yet
8|Das|no_rating_yet
8|spiel|no_rating_yet
8|an|no_rating_yet
8|sich|no_rating_yet
8|ist|no_rating_yet
8|echt|no_rating_yet
8|cool|no_rating_yet
9|Anfangs|no_rating_yet
9|echt|no_rating_yet
9|spa√üig|no_rating_yet
9|aber|no_rating_yet
9|nach|no_rating_yet
9|10|no_rating_yet
9|leveln|no_rating_yet
9|stellt|no_rating_yet
9|man|no_rating_yet
9|fest,|no_rating_yet
9|dass|no_rating_yet
9|sich|no_rating_yet
9|die|no_rating_yet
9|level|no_rating_yet
9|lediglich|no_rating_yet
9|in|no_rating_yet
9|der|no_rating_yet
9|H√∂he|no_rating_yet
9|zu|no_rating_yet
9|erreichender|no_rating_yet
9|punktzahl|no_rating_yet
9|unterscheiden.|no_rating_yet
9|Hab|no_rating_yet
9|bis|no_rating_yet
9|level|no_rating_yet
9|30|no_rating_yet
9|gespielt|no_rating_yet
9|in|no_rating_yet
9|der|no_rating_yet
9|hoffnung|no_rating_yet
9|da|no_rating_yet
9|kommt|no_rating_yet
9|noch|no_rating_yet
9|was....aber|no_rating_yet
9|nix|no_rating_yet
9|da!|no_rating_yet
9|Echt|no_rating_yet
9|langweilig!!!|no_rating_yet
10|Es|no_rating_yet
10|ist|no_rating_yet
10|ein|no_rating_yet
10|sehr|no_rating_yet
10|sch√∂nes|no_rating_yet
10|Spiel,|no_rating_yet
10|aber|no_rating_yet
10|mit|no_rating_yet
10|der|no_rating_yet
10|Zeit|no_rating_yet
10|wird|no_rating_yet
10|es|no_rating_yet
10|sehr|no_rating_yet
10|eint√∂nig.|no_rating_yet
10|Man|no_rating_yet
10|m√ºsste|no_rating_yet
10|einen|no_rating_yet
10|neuen|no_rating_yet
10|Modi|no_rating_yet
10|oder|no_rating_yet
10|die|no_rating_yet
10|M√∂glichkeit|no_rating_yet
10|geben|no_rating_yet
10|mehrere|no_rating_yet
10|Waffen|no_rating_yet
10|zu|no_rating_yet
10|benutzen|no_rating_yet
10|diese|no_rating_yet
10|ausbauen|no_rating_yet
10|zu|no_rating_yet
10|k√∂nnen|no_rating_yet
10|und|no_rating_yet
10|gegebenenfalls|no_rating_yet
10|auch|no_rating_yet
10|mehrere|no_rating_yet
10|Tiere|no_rating_yet
10|einf√ºhren.|no_rating_yet
10|Wenn|no_rating_yet
10|das|no_rating_yet
10|alles|no_rating_yet
10|noch|no_rating_yet
10|kommen|no_rating_yet
10|k√∂nnte|no_rating_yet
10|w√§re|no_rating_yet
10|es|no_rating_yet
10|das|no_rating_yet
10|beste|no_rating_yet
10|Spiel|no_rating_yet
10|der|no_rating_yet
10|Welt|no_rating_yet
10|!!!|no_rating_yet
11|Der|no_rating_yet
11|Grafikstil|no_rating_yet
11|ist|no_rating_yet
11|modern|no_rating_yet
11|minimalistisch|no_rating_yet
11|und|no_rating_yet
11|gef√§llt|no_rating_yet
11|mir|no_rating_yet
11|so|no_rating_yet
11|ausgezeichnet.|no_rating_yet
11|Das|no_rating_yet
11|Gameplay|no_rating_yet
11|wiederholt|no_rating_yet
11|sich|no_rating_yet
11|dann|no_rating_yet
11|aber|no_rating_yet
11|zumindest|no_rating_yet
11|auf|no_rating_yet
11|den|no_rating_yet
11|ersten|no_rating_yet
11|Blick|no_rating_yet
11|doch|no_rating_yet
11|etwas|no_rating_yet
11|zu|no_rating_yet
11|arg.|no_rating_yet
11|Gr√∂√üere|no_rating_yet
11|Abwandlungen|no_rating_yet
11|k√∂nnten|no_rating_yet
11|hier|no_rating_yet
11|helfen.|no_rating_yet
12|Macht|no_rating_yet
12|mega|no_rating_yet
12|spa√ü|no_rating_yet
12|Spielt|no_rating_yet
12|es|no_rating_yet
12|selbst|no_rating_yet
12|und|no_rating_yet
12|Last|no_rating_yet
12|euch|no_rating_yet
12|von|no_rating_yet
12|den|no_rating_yet
12|Bildern|no_rating_yet
12|nicht|no_rating_yet
12|teuchen|no_rating_yet
12|!|no_rating_yet
12|Und|no_rating_yet
12|es|no_rating_yet
12|macht|no_rating_yet
12|richtig|no_rating_yet
12|s√ºchtig|no_rating_yet
12|als|no_rating_yet
12|ich|no_rating_yet
12|es|no_rating_yet
12|zum|no_rating_yet
12|ersten|no_rating_yet
12|mal|no_rating_yet
12|angemacht|no_rating_yet
12|habe|no_rating_yet
12|hab|no_rating_yet
12|erst|no_rating_yet
12|aufgeh√∂rt|no_rating_yet
12|als|no_rating_yet
12|ich|no_rating_yet
12|merkte|no_rating_yet
12|das|no_rating_yet
12|es|no_rating_yet
12|schon|no_rating_yet
12|2:00|no_rating_yet
12|ist|no_rating_yet
12|und|no_rating_yet
12|ich|no_rating_yet
12|habe|no_rating_yet
12|um|no_rating_yet
12|00:00|no_rating_yet
12|angefangen.|no_rating_yet
13|Ab|no_rating_yet
13|lvl|no_rating_yet
13|13|no_rating_yet
13|kann|no_rating_yet
13|man|no_rating_yet
13|es|no_rating_yet
13|echt|no_rating_yet
13|nicht|no_rating_yet
13|schaffen.|no_rating_yet
13|Ich|no_rating_yet
13|muss|no_rating_yet
13|10|no_rating_yet
13|das|no_rating_yet
13|selbe|no_rating_yet
13|lvl|no_rating_yet
13|spielen|no_rating_yet
13|und|no_rating_yet
13|es|no_rating_yet
13|gibt|no_rating_yet
13|keine|no_rating_yet
13|Herausforderung|no_rating_yet
13|das|no_rating_yet
13|ist|no_rating_yet
13|euch|no_rating_yet
13|langweilig!|no_rating_yet
13|Au√üerdem|no_rating_yet
13|w√§re|no_rating_yet
13|ein|no_rating_yet
13|Shop|no_rating_yet
13|wo|no_rating_yet
13|man|no_rating_yet
13|seine|no_rating_yet
13|sp√§re|no_rating_yet
13|lvl|no_rating_yet
13|kan|no_rating_yet
13|echt|no_rating_yet
13|cool.|no_rating_yet
14|Ich|no_rating_yet
14|bin|no_rating_yet
14|gerade|no_rating_yet
14|bei|no_rating_yet
14|Lvl|no_rating_yet
14|7,und|no_rating_yet
14|dann|no_rating_yet
14|das.|no_rating_yet
14|Es|no_rating_yet
14|Sturzt|no_rating_yet
14|immer|no_rating_yet
14|ab.|no_rating_yet
14|Bitte|no_rating_yet
14|um|no_rating_yet
14|Hilfe,wenn|no_rating_yet
14|ein|no_rating_yet
14|Update|no_rating_yet
14|kommt|no_rating_yet
14|4|no_rating_yet
14|Sterne.|no_rating_yet
14|Danke!|no_rating_yet
15|Erste|no_rating_yet
15|sache:|no_rating_yet
15|Skins|no_rating_yet
15|f√ºr|no_rating_yet
15|den|no_rating_yet
15|j√§ger|no_rating_yet
15|weil|no_rating_yet
15|der|no_rating_yet
15|so|no_rating_yet
15|ein|no_rating_yet
15|bisschen|no_rating_yet
15|bl√∂d|no_rating_yet
15|aussieht.|no_rating_yet
15|Zweite|no_rating_yet
15|sache:|no_rating_yet
15|es|no_rating_yet
15|w√§re|no_rating_yet
15|cool|no_rating_yet
15|wenn|no_rating_yet
15|man|no_rating_yet
15|auch|no_rating_yet
15|als|no_rating_yet
15|Mammut|no_rating_yet
15|spielen|no_rating_yet
15|k√∂nnte.|no_rating_yet
15|So|no_rating_yet
15|das|no_rating_yet
15|waren|no_rating_yet
15|meine|no_rating_yet
15|vorschl√§ge|no_rating_yet
15|:)|no_rating_yet
16|Was|no_rating_yet
16|manche|no_rating_yet
16|hier|no_rating_yet
16|schreiben|no_rating_yet
16|und|no_rating_yet
16|rumheulen...|no_rating_yet
16|\"Ab|no_rating_yet
16|level|no_rating_yet
16|13|no_rating_yet
16|ist|no_rating_yet
16|es|no_rating_yet
16|unmachbar\"|no_rating_yet
16|ich|no_rating_yet
16|bin|no_rating_yet
16|auf|no_rating_yet
16|Level|no_rating_yet
16|31|no_rating_yet
16|und|no_rating_yet
16|hab|no_rating_yet
16|kein|no_rating_yet
16|Problem...|no_rating_yet
16|Es|no_rating_yet
16|ist|no_rating_yet
16|hald|no_rating_yet
16|ein|no_rating_yet
16|spiel|no_rating_yet
16|f√ºr|no_rating_yet
16|zwischendurch,|no_rating_yet
16|als|no_rating_yet
16|zeitvertreib...|no_rating_yet
16|Nicht|no_rating_yet
16|mehr|no_rating_yet
16|und|no_rating_yet
16|nicht|no_rating_yet
16|weniger.|no_rating_yet
16|Deal|no_rating_yet
16|with|no_rating_yet
16|it.|no_rating_yet
17|Der|no_rating_yet
17|Spielfaktor|no_rating_yet
17|ist|no_rating_yet
17|zwar|no_rating_yet
17|gut|no_rating_yet
17|doch|no_rating_yet
17|die|no_rating_yet
17|Mammuts|no_rating_yet
17|sind|no_rating_yet
17|ab|no_rating_yet
17|lv.|no_rating_yet
17|13|no_rating_yet
17|√ºbelst|no_rating_yet
17|aggresiv|no_rating_yet
17|gegen√ºber|no_rating_yet
17|dem|no_rating_yet
17|Player.|no_rating_yet
17|Wenn|no_rating_yet
17|Sie|no_rating_yet
17|das|no_rating_yet
17|noch|no_rating_yet
17|ein|no_rating_yet
17|bisschen|no_rating_yet
17|runterschrauben|no_rating_yet
17|w√ºrden|no_rating_yet
17|gibts|no_rating_yet
17|von|no_rating_yet
17|mir|no_rating_yet
17|5|no_rating_yet
17|Sterne.|no_rating_yet
18|Simple|no_rating_yet
18|but|no_rating_yet
18|attractive|no_rating_yet
18|graphics|no_rating_yet
18|and|no_rating_yet
18|good|no_rating_yet
18|gameplay.|no_rating_yet
18|After|no_rating_yet
18|a|no_rating_yet
18|while|no_rating_yet
18|it|no_rating_yet
18|gets|no_rating_yet
18|quite|no_rating_yet
18|repetitive,|no_rating_yet
18|a|no_rating_yet
18|bit|no_rating_yet
18|more|no_rating_yet
18|variation|no_rating_yet
18|would|no_rating_yet
18|help|no_rating_yet
18|this|no_rating_yet
18|game|no_rating_yet
18|a|no_rating_yet
18|lot.|no_rating_yet
18|An|no_rating_yet
18|idea|no_rating_yet
18|would|no_rating_yet
18|be|no_rating_yet
18|a|no_rating_yet
18|Multiplayer|no_rating_yet
18|mode|no_rating_yet
18|(e.g.|no_rating_yet
18|hunt|no_rating_yet
18|together)|no_rating_yet
19|Das|no_rating_yet
19|Spiel|no_rating_yet
19|macht|no_rating_yet
19|echt|no_rating_yet
19|Spa√ü,|no_rating_yet
19|soweit|no_rating_yet
19|ich|no_rating_yet
19|das|no_rating_yet
19|beurteilen|no_rating_yet
19|kann|no_rating_yet
19|(war|no_rating_yet
19|nur|no_rating_yet
19|lvl|no_rating_yet
19|4)...Danach|no_rating_yet
19|kam|no_rating_yet
19|Werbung|no_rating_yet
19|und|no_rating_yet
19|man|no_rating_yet
19|muss|no_rating_yet
19|sich|no_rating_yet
19|ein|no_rating_yet
19|Video|no_rating_yet
19|anschauen,|no_rating_yet
19|sofort|no_rating_yet
19|wieder|no_rating_yet
19|deinstalliert!|no_rating_yet
20|Und|no_rating_yet
20|zack,|no_rating_yet
20|nach|no_rating_yet
20|nur|no_rating_yet
20|zw√∂lf|no_rating_yet
20|Stunden|no_rating_yet
20|sind|no_rating_yet
20|die|no_rating_yet
20|Mammuts,|no_rating_yet
20|dank|no_rating_yet
20|mir,|no_rating_yet
20|ausgestorben.|no_rating_yet
20|Zwischen|no_rating_yet
20|lvl|no_rating_yet
20|60|no_rating_yet
20|und|no_rating_yet
20|80|no_rating_yet
20|ist|no_rating_yet
20|alles|no_rating_yet
20|auf|no_rating_yet
20|Zeit|no_rating_yet
20|nicht|no_rating_yet
20|ganz|no_rating_yet
20|so|no_rating_yet
20|leicht,|no_rating_yet
20|danach|no_rating_yet
20|wird's|no_rating_yet
20|wieder|no_rating_yet
20|Pipifax.|no_rating_yet
21|Cool|no_rating_yet
21|gemacht|no_rating_yet
21|und|no_rating_yet
21|sehr|no_rating_yet
21|sch√∂n|no_rating_yet
21|grafisch|no_rating_yet
21|gestaltet.|no_rating_yet
21|Nur|no_rating_yet
21|fehlt|no_rating_yet
21|etwas|no_rating_yet
21|mehr|no_rating_yet
21|Abwechslung|no_rating_yet
21|und|no_rating_yet
21|anstatt|no_rating_yet
21|einen|no_rating_yet
21|Speer|no_rating_yet
21|k√∂nnte|no_rating_yet
21|man|no_rating_yet
21|sich|no_rating_yet
21|ja|no_rating_yet
21|noch|no_rating_yet
21|andere|no_rating_yet
21|Gegenst√§nde|no_rating_yet
21|wie|no_rating_yet
21|Pfeil|no_rating_yet
21|und|no_rating_yet
21|Bogen,|no_rating_yet
21|Axt|no_rating_yet
21|oder|no_rating_yet
21|Steine|no_rating_yet
21|etc.|no_rating_yet
21|dazuholen.|no_rating_yet
21|Und|no_rating_yet
21|anstatt|no_rating_yet
21|nur|no_rating_yet
21|einen|no_rating_yet
21|Mamut|no_rating_yet
21|w√ºrde|no_rating_yet
21|ich|no_rating_yet
21|auch|no_rating_yet
21|noch|no_rating_yet
21|andere|no_rating_yet
21|Uhrzeit|no_rating_yet
21|Wesen|no_rating_yet
21|miteinbauen,|no_rating_yet
21|dann|no_rating_yet
21|w√§re|no_rating_yet
21|es|no_rating_yet
21|f√ºr|no_rating_yet
21|mich|no_rating_yet
21|zumindest|no_rating_yet
21|der|no_rating_yet
21|absolute|no_rating_yet
21|Kracher.|no_rating_yet
22|Sehr|no_rating_yet
22|simple|no_rating_yet
22|gehaltenes|no_rating_yet
22|Spiel|no_rating_yet
22|und|no_rating_yet
22|trotzdem|no_rating_yet
22|ist|no_rating_yet
22|der|no_rating_yet
22|Spass-|no_rating_yet
22|/|no_rating_yet
22|Suchtfaktor|no_rating_yet
22|hoch.|no_rating_yet
22|Mit|no_rating_yet
22|der|no_rating_yet
22|Zeit|no_rating_yet
22|w√ºrde|no_rating_yet
22|eine|no_rating_yet
22|alternative|no_rating_yet
22|Waffe|no_rating_yet
22|zu|no_rating_yet
22|mehr|no_rating_yet
22|Abwechslung|no_rating_yet
22|sorgen|no_rating_yet
22|(Bogen|no_rating_yet
22|/|no_rating_yet
22|Axt).|no_rating_yet
23|Nicht|no_rating_yet
23|herunterladen|no_rating_yet
23|eyy.|no_rating_yet
23|Das|no_rating_yet
23|macht|no_rating_yet
23|so|no_rating_yet
23|krass|no_rating_yet
23|s√ºchtig.|no_rating_yet
23|Ey|no_rating_yet
23|das|no_rating_yet
23|ist|no_rating_yet
23|mit|no_rating_yet
23|anderen|no_rating_yet
23|spielen|no_rating_yet
23|das|no_rating_yet
23|beste|no_rating_yet
23|das|no_rating_yet
23|es|no_rating_yet
23|hier|no_rating_yet
23|gibt.|no_rating_yet
24|Bei|no_rating_yet
24|Tag|no_rating_yet
24|60|no_rating_yet
24|wirds|no_rating_yet
24|dann|no_rating_yet
24|schon|no_rating_yet
24|z√§h|no_rating_yet
24|immer|no_rating_yet
24|das|no_rating_yet
24|gleiche,|no_rating_yet
24|aber|no_rating_yet
24|trotzdem|no_rating_yet
24|ein|no_rating_yet
24|guter|no_rating_yet
24|Zeitvertreib.|no_rating_yet
24|Daf√ºr|no_rating_yet
24|bezahlen|no_rating_yet
24|w√ºrde|no_rating_yet
24|ich|no_rating_yet
24|nie.|no_rating_yet
24|Da|no_rating_yet
24|bietet|no_rating_yet
24|das|no_rating_yet
24|Spiel|no_rating_yet
24|dann|no_rating_yet
24|doch|no_rating_yet
24|zu|no_rating_yet
24|wenig.|no_rating_yet
25|Jemand|no_rating_yet
25|schrieb|no_rating_yet
25|ab|no_rating_yet
25|lvl|no_rating_yet
25|13|no_rating_yet
25|wirds|no_rating_yet
25|unm√∂glich|no_rating_yet
25|zu|no_rating_yet
25|schaffen.|no_rating_yet
25|Sass|no_rating_yet
25|grad|no_rating_yet
25|aufem|no_rating_yet
25|thron|no_rating_yet
25|und|no_rating_yet
25|habs|no_rating_yet
25|in|no_rating_yet
25|nich|no_rating_yet
25|mal|no_rating_yet
25|10|no_rating_yet
25|min|no_rating_yet
25|auf|no_rating_yet
25|level|no_rating_yet
25|19|no_rating_yet
25|geschafft.|no_rating_yet
25|Nooob|no_rating_yet
26|Kurzweilig,|no_rating_yet
26|aber|no_rating_yet
26|wiederholt|no_rating_yet
26|sich|no_rating_yet
26|bald.|no_rating_yet
26|Die|no_rating_yet
26|Grafik|no_rating_yet
26|ist|no_rating_yet
26|minimalistisch|no_rating_yet
26|aber|no_rating_yet
26|sch√∂n.|no_rating_yet
26|Erinnert|no_rating_yet
26|mich|no_rating_yet
26|irgendwie|no_rating_yet
26|an|no_rating_yet
26|Stierk√§mpfe|no_rating_yet
26|und|no_rating_yet
26|das|no_rating_yet
26|t√∂rnt|no_rating_yet
26|mich|no_rating_yet
26|ziemlich|no_rating_yet
26|ab.|no_rating_yet
26|Wieder|no_rating_yet
26|deinstalliert.|no_rating_yet
27|Bestes|no_rating_yet
27|Spiel|no_rating_yet
27|aber|no_rating_yet
27|bitte|no_rating_yet
27|NICHT|no_rating_yet
27|herunterladen|no_rating_yet
27|xD|no_rating_yet
27|es|no_rating_yet
27|macht|no_rating_yet
27|extrem|no_rating_yet
27|s√ºchtig.|no_rating_yet
27|Ich|no_rating_yet
27|h√§tte|no_rating_yet
27|eine|no_rating_yet
27|verbesserung|no_rating_yet
27|und|no_rating_yet
27|zwar|no_rating_yet
27|ein|no_rating_yet
27|paar|no_rating_yet
27|mehr|no_rating_yet
27|waffen|no_rating_yet
27|hinzuf√ºgen.|no_rating_yet
28|Gibts|no_rating_yet
28|auch|no_rating_yet
28|irgendwann|no_rating_yet
28|Upgrades,|no_rating_yet
28|mal|no_rating_yet
28|andere|no_rating_yet
28|Farben|no_rating_yet
28|oder|no_rating_yet
28|was|no_rating_yet
28|neues,|no_rating_yet
28|ist|no_rating_yet
28|ja|no_rating_yet
28|Level|no_rating_yet
28|f√ºr|no_rating_yet
28|Level|no_rating_yet
28|immer|no_rating_yet
28|das|no_rating_yet
28|selbe|no_rating_yet
28|-|no_rating_yet
28|auf|no_rating_yet
28|Dauer|no_rating_yet
28|langweilig..|no_rating_yet
28|nur|no_rating_yet
28|die|no_rating_yet
28|Idee|no_rating_yet
28|ist|no_rating_yet
28|gut.|no_rating_yet
28|Bei|no_rating_yet
28|mir|no_rating_yet
28|dreht|no_rating_yet
28|sich|no_rating_yet
28|willk√ºrlich|no_rating_yet
28|ab|no_rating_yet
28|und|no_rating_yet
28|zu|no_rating_yet
28|der|no_rating_yet
28|Bildschirm|no_rating_yet
28|um|no_rating_yet
28|(automatisches|no_rating_yet
28|drehen|no_rating_yet
28|des|no_rating_yet
28|Bildschirmes|no_rating_yet
28|ist|no_rating_yet
28|ausgeschaltet)|no_rating_yet
29|SCHEISSE|no_rating_yet
29|IST|no_rating_yet
29|DAS|no_rating_yet
29|SCHWEEER.|no_rating_yet
29|Gef√§llt|no_rating_yet
29|mir|no_rating_yet
29|aber|no_rating_yet
29|wenn|no_rating_yet
29|es|no_rating_yet
29|sich|no_rating_yet
29|nicht|no_rating_yet
29|andauernd|no_rating_yet
29|wiederholen|no_rating_yet
29|w√ºrde.|no_rating_yet
30|Ich|no_rating_yet
30|hatte|no_rating_yet
30|mir|no_rating_yet
30|diese|no_rating_yet
30|App|no_rating_yet
30|heruntergeladen|no_rating_yet
30|weil|no_rating_yet
30|so|no_rating_yet
30|eine|no_rating_yet
30|gute|no_rating_yet
30|Rezension|no_rating_yet
30|vorlag.|no_rating_yet
30|Doch|no_rating_yet
30|diese|no_rating_yet
30|App|no_rating_yet
30|ist|no_rating_yet
30|unspielbar|no_rating_yet
30|und|no_rating_yet
30|schlecht|no_rating_yet
30|programmiert.|no_rating_yet
31|Alles|no_rating_yet
31|ist|no_rating_yet
31|cool|no_rating_yet
31|Spiel|no_rating_yet
31|prinzip|no_rating_yet
31|richtig|no_rating_yet
31|cool|no_rating_yet
31|Grafik|no_rating_yet
31|richtig|no_rating_yet
31|geil|no_rating_yet
31|steuerung|no_rating_yet
31|richtig|no_rating_yet
31|geil|no_rating_yet
31|Level|no_rating_yet
31|geschtaltung|no_rating_yet
31|immer|no_rating_yet
31|die|no_rating_yet
31|gleiche|no_rating_yet
31|...|no_rating_yet
31|aber|no_rating_yet
31|cool|no_rating_yet
31|immer|no_rating_yet
31|was|no_rating_yet
31|verschiedenes|no_rating_yet
31|entweder|no_rating_yet
31|mehr|no_rating_yet
31|leben|no_rating_yet
31|oder|no_rating_yet
31|begrenzte|no_rating_yet
31|sperre|no_rating_yet
31|oder|no_rating_yet
31|beschtimte|no_rating_yet
31|Punkte|no_rating_yet
31|die|no_rating_yet
31|man|no_rating_yet
31|treffen|no_rating_yet
31|muss|no_rating_yet
31|Exzellentes|no_rating_yet
31|spiel.|no_rating_yet
31|Die|no_rating_yet
31|verschiedenen|no_rating_yet
31|Gr√∂√üen|no_rating_yet
31|von|no_rating_yet
31|den|no_rating_yet
31|Tiren|no_rating_yet
31|sind|no_rating_yet
31|auch|no_rating_yet
31|cool|no_rating_yet
31|wenn|no_rating_yet
31|mach|no_rating_yet
31|so|no_rating_yet
31|ein|no_rating_yet
31|1300|no_rating_yet
31|Tier|no_rating_yet
31|vor|no_rating_yet
31|dir|no_rating_yet
31|hast|no_rating_yet
31|hast|no_rating_yet
31|du|no_rating_yet
31|ne|no_rating_yet
31|gro√üe|no_rating_yet
31|Aufgabe|no_rating_yet
31|was|no_rating_yet
31|ich|no_rating_yet
31|mir|no_rating_yet
31|w√ºnsche|no_rating_yet
31|:|no_rating_yet
31|auch|no_rating_yet
31|Tiger|no_rating_yet
31|oder|no_rating_yet
31|Giraffen|no_rating_yet
31|oder|no_rating_yet
31|so|no_rating_yet
31|halb|no_rating_yet
31|andere|no_rating_yet
31|Tire|no_rating_yet
31|das|no_rating_yet
31|wer|no_rating_yet
31|gro√üartig|no_rating_yet
32|5|no_rating_yet
32|Sterne|no_rating_yet
32|anders|no_rating_yet
32|kann|no_rating_yet
32|man|no_rating_yet
32|es|no_rating_yet
32|nicht|no_rating_yet
32|bewerten|no_rating_yet
32|ich|no_rating_yet
32|hab|no_rating_yet
32|mich|no_rating_yet
32|auch|no_rating_yet
32|so|no_rating_yet
32|gefreut|no_rating_yet
32|wie|no_rating_yet
32|ich|no_rating_yet
32|Tag|no_rating_yet
32|30|no_rating_yet
32|geschafft|no_rating_yet
32|habe|no_rating_yet
33|tats√§chlich|no_rating_yet
33|immer|no_rating_yet
33|wieder|no_rating_yet
33|spannend|no_rating_yet
33|zu|no_rating_yet
33|spielen.|no_rating_yet
33|Das|no_rating_yet
33|Prinzip|no_rating_yet
33|wiederholt|no_rating_yet
33|sich|no_rating_yet
33|mit|no_rating_yet
33|3|no_rating_yet
33|Stufen|no_rating_yet
33|und|no_rating_yet
33|wird|no_rating_yet
33|bei|no_rating_yet
33|l√§ngerem|no_rating_yet
33|Spielen|no_rating_yet
33|am|no_rating_yet
33|St√ºck|no_rating_yet
33|etwas|no_rating_yet
33|monoton.|no_rating_yet
33|Ansonst|no_rating_yet
33|von|no_rating_yet
33|der|no_rating_yet
33|Grafik|no_rating_yet
33|und|no_rating_yet
33|der|no_rating_yet
33|Machart|no_rating_yet
33|echt|no_rating_yet
33|gelungen|no_rating_yet
33|!|no_rating_yet
34|Ich|no_rating_yet
34|finde|no_rating_yet
34|es|no_rating_yet
34|eine|no_rating_yet
34|richtig|no_rating_yet
34|coole|no_rating_yet
34|Idee|no_rating_yet
34|und|no_rating_yet
34|dazu|no_rating_yet
34|noch|no_rating_yet
34|sehr|no_rating_yet
34|gut|no_rating_yet
34|umgesetzt.|no_rating_yet
34|Was|no_rating_yet
34|ich|no_rating_yet
34|mir|no_rating_yet
34|noch|no_rating_yet
34|w√ºnschen|no_rating_yet
34|w√ºrde|no_rating_yet
34|w√§ren|no_rating_yet
34|mehr|no_rating_yet
34|Tiere.|no_rating_yet
34|Aber|no_rating_yet
34|ansonsten|no_rating_yet
34|Daumen|no_rating_yet
34|hoch|no_rating_yet
34|f√ºr|no_rating_yet
34|dieses|no_rating_yet
34|coole|no_rating_yet
34|spiel|no_rating_yet
35|Das|no_rating_yet
35|Spiel|no_rating_yet
35|Grafik|no_rating_yet
35|m√§ssig|no_rating_yet
35|gut|no_rating_yet
35|aber|no_rating_yet
35|das|no_rating_yet
35|Mammut|no_rating_yet
35|folgt|no_rating_yet
35|einem|no_rating_yet
35|immer|no_rating_yet
35|und|no_rating_yet
35|hebt|no_rating_yet
35|seinen|no_rating_yet
35|Kopf|no_rating_yet
35|dabei|no_rating_yet
35|so|no_rating_yet
35|das|no_rating_yet
35|man|no_rating_yet
35|ihn|no_rating_yet
35|nicht|no_rating_yet
35|treffen|no_rating_yet
35|kann|no_rating_yet
35|und|no_rating_yet
35|wenn|no_rating_yet
35|man|no_rating_yet
35|hoch|no_rating_yet
35|zielt|no_rating_yet
35|fliegt|no_rating_yet
35|er|no_rating_yet
35|zu|no_rating_yet
35|weit|no_rating_yet
36|Sch√∂n|no_rating_yet
36|gestaltet|no_rating_yet
36|trotz|no_rating_yet
36|einfacher|no_rating_yet
36|Grafik.|no_rating_yet
36|Auch|no_rating_yet
36|eine|no_rating_yet
36|nette|no_rating_yet
36|Spielidee.|no_rating_yet
36|Ein|no_rating_yet
36|tolles|no_rating_yet
36|Gelegenheits-Spiel!|no_rating_yet
36|Wer|no_rating_yet
36|keine|no_rating_yet
36|Werbung|no_rating_yet
36|will,|no_rating_yet
36|einfach|no_rating_yet
36|die|no_rating_yet
36|Internet|no_rating_yet
36|Verbindung|no_rating_yet
36|abschalten,|no_rating_yet
36|ist|no_rating_yet
36|aber|no_rating_yet
36|auch|no_rating_yet
36|mit|no_rating_yet
36|ertr√§glich.|no_rating_yet
36|Mir|no_rating_yet
36|gef√§lltsüëç|no_rating_yet
37|Ich|no_rating_yet
37|w√ºrde|no_rating_yet
37|es|no_rating_yet
37|nicht|no_rating_yet
37|herunterladen|no_rating_yet
37|platz|no_rating_yet
37|verschwendung|no_rating_yet
38|Voll|no_rating_yet
38|unlogisch!|no_rating_yet
38|Welches|no_rating_yet
38|volk|no_rating_yet
38|frisst|no_rating_yet
38|1|no_rating_yet
38|mammut|no_rating_yet
38|pro|no_rating_yet
38|tag?!|no_rating_yet
38|Au√üerdem|no_rating_yet
38|sehr|no_rating_yet
38|repetetiv|no_rating_yet
38|und|no_rating_yet
38|wenig|no_rating_yet
38|abwechslung.|no_rating_yet
38|Shop|no_rating_yet
38|zum|no_rating_yet
38|leveln|no_rating_yet
38|w√§r|no_rating_yet
38|cool|no_rating_yet
38|und|no_rating_yet
38|n|no_rating_yet
38|besseres|no_rating_yet
38|balancing|no_rating_yet
38|w√§r|no_rating_yet
38|auch|no_rating_yet
38|nice|no_rating_yet
39|An|no_rating_yet
39|alle|no_rating_yet
39|schon|no_rating_yet
39|nach|no_rating_yet
39|Level|no_rating_yet
39|13|no_rating_yet
39|etc|no_rating_yet
39|nicht|no_rating_yet
39|weiterkommen:|no_rating_yet
39|Man|no_rating_yet
39|muss|no_rating_yet
39|das|no_rating_yet
39|Mammut|no_rating_yet
39|m√∂glichst|no_rating_yet
39|oft|no_rating_yet
39|hintereinander|no_rating_yet
39|treffen.|no_rating_yet
39|Das|no_rating_yet
39|summiert|no_rating_yet
39|sich|no_rating_yet
39|zu|no_rating_yet
39|gewaltigem|no_rating_yet
39|Schaden.|no_rating_yet
39|Also:|no_rating_yet
39|gut|no_rating_yet
39|Zielen!|no_rating_yet
39|;)|no_rating_yet
40|Das|no_rating_yet
40|Spiel|no_rating_yet
40|punktet|no_rating_yet
40|mit|no_rating_yet
40|einer|no_rating_yet
40|schlichten|no_rating_yet
40|aber|no_rating_yet
40|guten|no_rating_yet
40|Grafik.|no_rating_yet
40|Das|no_rating_yet
40|Spielprinzip|no_rating_yet
40|ist|no_rating_yet
40|simpel,|no_rating_yet
40|mir|no_rating_yet
40|jedoch|no_rating_yet
40|etwas|no_rating_yet
40|zu|no_rating_yet
40|schlicht.|no_rating_yet
40|Auch|no_rating_yet
40|die|no_rating_yet
40|Kampfprogrammierung|no_rating_yet
40|ist|no_rating_yet
40|nich|no_rating_yet
40|verbesserungsw√ºrdig.|no_rating_yet
41|Ab|no_rating_yet
41|einen|no_rating_yet
41|bestimmten|no_rating_yet
41|Punkt|no_rating_yet
41|frustet|no_rating_yet
41|das|no_rating_yet
41|Spiel|no_rating_yet
41|nur|no_rating_yet
41|noch.|no_rating_yet
41|Das|no_rating_yet
41|Mammut|no_rating_yet
41|springt|no_rating_yet
41|wie|no_rating_yet
41|ein|no_rating_yet
41|Frosch|no_rating_yet
41|ok|no_rating_yet
41|Mixer|no_rating_yet
41|auf|no_rating_yet
41|und|no_rating_yet
41|ab|no_rating_yet
41|und|no_rating_yet
41|ist|no_rating_yet
41|viel|no_rating_yet
41|schneller|no_rating_yet
41|als|no_rating_yet
41|man|no_rating_yet
41|selber.|no_rating_yet
41|Also|no_rating_yet
41|wieder|no_rating_yet
41|deinstalliert.|no_rating_yet
42|Das|no_rating_yet
42|Spiel|no_rating_yet
42|ist|no_rating_yet
42|an|no_rating_yet
42|sich|no_rating_yet
42|top|no_rating_yet
42|und|no_rating_yet
42|man|no_rating_yet
42|kann|no_rating_yet
42|es|no_rating_yet
42|immer|no_rating_yet
42|mal|no_rating_yet
42|wieder|no_rating_yet
42|starten|no_rating_yet
42|wenn|no_rating_yet
42|man|no_rating_yet
42|nichts|no_rating_yet
42|besseres|no_rating_yet
42|zu|no_rating_yet
42|tun|no_rating_yet
42|hat|no_rating_yet
42|oder|no_rating_yet
42|einem|no_rating_yet
42|langweilig|no_rating_yet
42|ist|no_rating_yet
42|mein|no_rating_yet
42|einziges|no_rating_yet
42|Kriterium|no_rating_yet
42|ist|no_rating_yet
42|es|no_rating_yet
42|das|no_rating_yet
42|man|no_rating_yet
42|alle|no_rating_yet
42|Vorgaben|no_rating_yet
42|zu|no_rating_yet
42|hundert|no_rating_yet
42|Prozent|no_rating_yet
42|erf√ºllen|no_rating_yet
42|muss|no_rating_yet
42|da|no_rating_yet
42|w√ºrde|no_rating_yet
42|mir|no_rating_yet
42|ein|no_rating_yet
42|Sterne|no_rating_yet
42|oder|no_rating_yet
42|Prozent|no_rating_yet
42|System|no_rating_yet
42|besser|no_rating_yet
42|gefallen|no_rating_yet
43|Komisch.|no_rating_yet
43|Nachdem|no_rating_yet
43|ich|no_rating_yet
43|es|no_rating_yet
43|mit|no_rating_yet
43|5|no_rating_yet
43|Sternen|no_rating_yet
43|bewertet|no_rating_yet
43|habe|no_rating_yet
43|fing|no_rating_yet
43|es|no_rating_yet
43|an|no_rating_yet
43|zu|no_rating_yet
43|laggen.|no_rating_yet
43|42|no_rating_yet
43|MB|no_rating_yet
43|f√ºr|no_rating_yet
43|so|no_rating_yet
43|ein|no_rating_yet
43|simples|no_rating_yet
43|Spiel|no_rating_yet
43|is|no_rating_yet
43|auch|no_rating_yet
43|recht|no_rating_yet
43|viel.|no_rating_yet
43|Und|no_rating_yet
43|ja|no_rating_yet
43|Steuerung|no_rating_yet
43|ist|no_rating_yet
43|auch|no_rating_yet
43|ausbauf√§hig.|no_rating_yet
43|Aber|no_rating_yet
43|der|no_rating_yet
43|Spiel|no_rating_yet
43|Gedanke|no_rating_yet
43|an|no_rating_yet
43|sich|no_rating_yet
43|ist|no_rating_yet
43|gut.|no_rating_yet
44|Bin|no_rating_yet
44|lvl|no_rating_yet
44|90|no_rating_yet
44|und|no_rating_yet
44|die|no_rating_yet
44|mammuts|no_rating_yet
44|machen|no_rating_yet
44|teilweise|no_rating_yet
44|6-7|no_rating_yet
44|spr√ºnge|no_rating_yet
44|nach|no_rating_yet
44|vorne|no_rating_yet
44|hintereinander|no_rating_yet
44|und|no_rating_yet
44|holen|no_rating_yet
44|ein|no_rating_yet
44|mit|no_rating_yet
44|jedem|no_rating_yet
44|sprung|no_rating_yet
44|etwas|no_rating_yet
44|ein.|no_rating_yet
44|Man|no_rating_yet
44|kanb|no_rating_yet
44|nichts|no_rating_yet
44|machen|no_rating_yet
44|und|no_rating_yet
44|es|no_rating_yet
44|nervt|no_rating_yet
44|einfach|no_rating_yet
44|nur|no_rating_yet
44|richtig|no_rating_yet
44|hart|no_rating_yet
44|Edit:|no_rating_yet
44|Grade|no_rating_yet
44|8|no_rating_yet
44|mal|no_rating_yet
44|hinereinander|no_rating_yet
45|You|no_rating_yet
45|probably|no_rating_yet
45|need|no_rating_yet
45|some|no_rating_yet
45|time|no_rating_yet
45|to|no_rating_yet
45|manage|no_rating_yet
45|the|no_rating_yet
45|controls,|no_rating_yet
45|but|no_rating_yet
45|after|no_rating_yet
45|a|no_rating_yet
45|few|no_rating_yet
45|levels,|no_rating_yet
45|that's|no_rating_yet
45|OK.|no_rating_yet
45|Over|no_rating_yet
45|all,|no_rating_yet
45|this|no_rating_yet
45|is|no_rating_yet
45|a|no_rating_yet
45|nice|no_rating_yet
45|LITTLE|no_rating_yet
45|game|no_rating_yet
45|to|no_rating_yet
45|keep|no_rating_yet
45|you|no_rating_yet
45|occupied|no_rating_yet
45|for|no_rating_yet
45|an|no_rating_yet
45|hour|no_rating_yet
45|or|no_rating_yet
45|two.|no_rating_yet
45|+nice|no_rating_yet
45|comic|no_rating_yet
45|stile|no_rating_yet
45|-ads.|no_rating_yet
46|Kein|no_rating_yet
46|wirklich|no_rating_yet
46|tiefen|no_rating_yet
46|Spielsinn|no_rating_yet
46|aber|no_rating_yet
46|das|no_rating_yet
46|haben|no_rating_yet
46|Ja|no_rating_yet
46|die|no_rating_yet
46|wenigsten|no_rating_yet
46|Gelegenheitsspiele.|no_rating_yet
46|Das|no_rating_yet
46|ein|no_rating_yet
46|Stamm|no_rating_yet
46|jeden|no_rating_yet
46|Tag|no_rating_yet
46|ein|no_rating_yet
46|Mammut|no_rating_yet
46|braucht|no_rating_yet
46|ist|no_rating_yet
46|ziemlich|no_rating_yet
46|√ºbertrieben.|no_rating_yet
46|^^|no_rating_yet
46|vielleicht|no_rating_yet
46|k√∂nnten|no_rating_yet
46|auch|no_rating_yet
46|andere|no_rating_yet
46|Tiere|no_rating_yet
46|gejagt|no_rating_yet
46|werden,|no_rating_yet
46|zum|no_rating_yet
46|Beispiel|no_rating_yet
46|ein|no_rating_yet
46|S√§belzahntiger|no_rating_yet
46|oder|no_rating_yet
46|ein|no_rating_yet
46|H√∂hlenb√§r|no_rating_yet
47|Ging|no_rating_yet
47|nur|no_rating_yet
47|bis|no_rating_yet
47|zum|no_rating_yet
47|Bild|no_rating_yet
47|mit|no_rating_yet
47|ner|no_rating_yet
47|eins|no_rating_yet
47|(vermutlich|no_rating_yet
47|das|no_rating_yet
47|Ende|no_rating_yet
47|vom|no_rating_yet
47|Tutorial)|no_rating_yet
47|seitdem|no_rating_yet
47|schwarzes|no_rating_yet
47|Bild|no_rating_yet
47|Daten|no_rating_yet
47|l√∂schen|no_rating_yet
47|und|no_rating_yet
47|Cache|no_rating_yet
47|leeren|no_rating_yet
47|bringt|no_rating_yet
47|nix|no_rating_yet
48|WARUM|no_rating_yet
48|DR√úCKE|no_rating_yet
48|ICH|no_rating_yet
48|AUF|no_rating_yet
48|GEHEN|no_rating_yet
48|UND|no_rating_yet
48|ER|no_rating_yet
48|TUT|no_rating_yet
48|ES|no_rating_yet
48|NICHT??!!|no_rating_yet
48|H√ÑTTE|no_rating_yet
48|ES|no_rating_yet
48|GESCHAFFT|no_rating_yet
48|ABER|no_rating_yet
48|DESWEGEN|no_rating_yet
48|WURDE|no_rating_yet
48|ICH|no_rating_yet
48|GEKILLT!!!|no_rating_yet
48|WAS|no_rating_yet
48|SOLL|no_rating_yet
48|DAS!?|no_rating_yet
48|Bitte|no_rating_yet
48|beheben!|no_rating_yet
49|...nur|no_rating_yet
49|hat|no_rating_yet
49|man|no_rating_yet
49|teilweise|no_rating_yet
49|keine|no_rating_yet
49|Chance!!!|no_rating_yet
49|Der|no_rating_yet
49|Mammut|no_rating_yet
49|ist|no_rating_yet
49|aggressiv|no_rating_yet
49|ohne|no_rating_yet
49|das|no_rating_yet
49|man|no_rating_yet
49|gezielt|no_rating_yet
49|oder|no_rating_yet
49|geschossen|no_rating_yet
49|hat:(|no_rating_yet
49|w√§re|no_rating_yet
49|cool|no_rating_yet
49|wenn|no_rating_yet
49|die|no_rating_yet
49|Figur|no_rating_yet
49|3leben|no_rating_yet
49|hat(1leben=1herz)|no_rating_yet
49|und|no_rating_yet
49|der|no_rating_yet
49|Mammut|no_rating_yet
49|je|no_rating_yet
49|nachdem|no_rating_yet
49|wie|no_rating_yet
49|er|no_rating_yet
49|geschw√§cht|no_rating_yet
49|ist|no_rating_yet
49|mehr|no_rating_yet
49|oder|no_rating_yet
49|weniger|no_rating_yet
49|schaden|no_rating_yet
49|macht!!!!!dann|no_rating_yet
49|5Sterne|no_rating_yet
50|Das|no_rating_yet
50|spiel|no_rating_yet
50|an|no_rating_yet
50|sich|no_rating_yet
50|ist|no_rating_yet
50|ein|no_rating_yet
50|sehr|no_rating_yet
50|gutes|no_rating_yet
50|spiel|no_rating_yet
50|und|no_rating_yet
50|die|no_rating_yet
50|steuerrung|no_rating_yet
50|und|no_rating_yet
50|das|no_rating_yet
50|desine|no_rating_yet
50|sind|no_rating_yet
50|sehr|no_rating_yet
50|simple|no_rating_yet
50|gehalten|no_rating_yet
50|aber|no_rating_yet
50|nach|no_rating_yet
50|ein|no_rating_yet
50|paar|no_rating_yet
50|lv|no_rating_yet
50|wird|no_rating_yet
50|das|no_rating_yet
50|spiel|no_rating_yet
50|wirglich|no_rating_yet
50|anschpruchs|no_rating_yet
50|voll|no_rating_yet
50|und|no_rating_yet
50|fast|no_rating_yet
50|unmachbar|no_rating_yet
50|teiel|no_rating_yet
50|weisse|no_rating_yet
50|muss|no_rating_yet
50|du|no_rating_yet
50|Mamuts|no_rating_yet
50|mit|no_rating_yet
50|1000|no_rating_yet
50|leben|no_rating_yet
50|in|no_rating_yet
50|50|no_rating_yet
50|secunden|no_rating_yet
50|t√∂ten|no_rating_yet
50|mit|no_rating_yet
50|speren|no_rating_yet
50|die|no_rating_yet
50|am|no_rating_yet
50|k√∂rper|no_rating_yet
50|10|no_rating_yet
50|und|no_rating_yet
50|am|no_rating_yet
50|kopf|no_rating_yet
50|40|no_rating_yet
50|schaden|no_rating_yet
50|machen|no_rating_yet
50|sondst|no_rating_yet
50|ein|no_rating_yet
50|gutes|no_rating_yet
50|spiel|no_rating_yet
51|Wer|no_rating_yet
51|das|no_rating_yet
51|Spiel|no_rating_yet
51|nicht|no_rating_yet
51|mind.|no_rating_yet
51|bis|no_rating_yet
51|lvl|no_rating_yet
51|30|no_rating_yet
51|schafft|no_rating_yet
51|sollte|no_rating_yet
51|sich|no_rating_yet
51|einweisen|no_rating_yet
51|lassen...|no_rating_yet
51|da|no_rating_yet
51|muss|no_rating_yet
51|man|no_rating_yet
51|echt|no_rating_yet
51|d√§mlich|no_rating_yet
51|sein|no_rating_yet
51|wenn|no_rating_yet
51|man|no_rating_yet
51|es|no_rating_yet
51|nicht|no_rating_yet
51|mind.|no_rating_yet
51|bis|no_rating_yet
51|lvl|no_rating_yet
51|30|no_rating_yet
51|schafft...|no_rating_yet
51|(bin|no_rating_yet
51|lvl|no_rating_yet
51|50)|no_rating_yet
52|wird|no_rating_yet
52|sehr|no_rating_yet
52|schnell|no_rating_yet
52|anspruchsvoll,|no_rating_yet
52|aber|no_rating_yet
52|trotzdem|no_rating_yet
52|machbar|no_rating_yet
52|und|no_rating_yet
52|hat|no_rating_yet
52|dadurch|no_rating_yet
52|einen|no_rating_yet
52|gro√üen|no_rating_yet
52|Suchtfaktor,|no_rating_yet
52|mehr|no_rating_yet
52|Variationen|no_rating_yet
52|w√§hren|no_rating_yet
52|sch√∂n,|no_rating_yet
52|wie|no_rating_yet
52|Tag|no_rating_yet
52|und|no_rating_yet
52|Nacht|no_rating_yet
52|mit|no_rating_yet
52|neuen|no_rating_yet
52|Tieren,|no_rating_yet
52|wie|no_rating_yet
52|S√§belzahntieger|no_rating_yet
52|oder|no_rating_yet
52|W√∂lfe,|no_rating_yet
52|oder|no_rating_yet
52|vielleicht|no_rating_yet
52|auch|no_rating_yet
52|gegnerische|no_rating_yet
52|St√§mme|no_rating_yet
52|und|no_rating_yet
52|vierschiedene|no_rating_yet
52|Waffen,|no_rating_yet
52|wie|no_rating_yet
52|Pfeil|no_rating_yet
52|und|no_rating_yet
52|Bogen|no_rating_yet
52|oder|no_rating_yet
52|ne|no_rating_yet
52|Steinschleuder|no_rating_yet
52|und|no_rating_yet
52|dann|no_rating_yet
52|ergibt|no_rating_yet
52|sich|no_rating_yet
52|auch|no_rating_yet
52|ne|no_rating_yet
52|richtige|no_rating_yet
52|Storie,|no_rating_yet
52|hat|no_rating_yet
52|aufjedenfall|no_rating_yet
52|sehr|no_rating_yet
52|viel|no_rating_yet
52|Potential|no_rating_yet
53|Es|no_rating_yet
53|vertreibt|no_rating_yet
53|die|no_rating_yet
53|Langeweile|no_rating_yet
53|und|no_rating_yet
53|macht|no_rating_yet
53|auch|no_rating_yet
53|Spa√ü|no_rating_yet
53|also|no_rating_yet
53|ich|no_rating_yet
53|.AG|no_rating_yet
53|das|no_rating_yet
53|game|no_rating_yet
53|und|no_rating_yet
53|empfele|no_rating_yet
53|es|no_rating_yet
53|weiter|no_rating_yet
54|Wird|no_rating_yet
54|aber|no_rating_yet
54|Level|no_rating_yet
54|33|no_rating_yet
54|zu|no_rating_yet
54|schwer|no_rating_yet
54|von|no_rating_yet
54|daher|no_rating_yet
54|pure|no_rating_yet
54|Provokation,|no_rating_yet
54|ansonsten|no_rating_yet
54|ganz|no_rating_yet
54|nett|no_rating_yet
54|da|no_rating_yet
54|fehlt|no_rating_yet
54|aber|no_rating_yet
54|die|no_rating_yet
54|Abwechslung!|no_rating_yet
55|Sehr|no_rating_yet
55|niedliches|no_rating_yet
55|Design,|no_rating_yet
55|alles|no_rating_yet
55|sehr|no_rating_yet
55|einfach|no_rating_yet
55|gehalten|no_rating_yet
55|aber|no_rating_yet
55|doch|no_rating_yet
55|Liebevoll.|no_rating_yet
55|Wenn|no_rating_yet
55|es|no_rating_yet
55|die|no_rating_yet
55|Entwickler|no_rating_yet
55|schaffen|no_rating_yet
55|die|no_rating_yet
55|Langzeitmotivation|no_rating_yet
55|zu|no_rating_yet
55|erh√∂hen|no_rating_yet
55|dann|no_rating_yet
55|w√§ren|no_rating_yet
55|es|no_rating_yet
55|5|no_rating_yet
55|Sterne|no_rating_yet
56|Beim|no_rating_yet
56|ersten|no_rating_yet
56|mal|no_rating_yet
56|bis|no_rating_yet
56|lvl|no_rating_yet
56|6|no_rating_yet
56|gekommen.|no_rating_yet
56|Danach|no_rating_yet
56|iat|no_rating_yet
56|die|no_rating_yet
56|App|no_rating_yet
56|abgeschmiert|no_rating_yet
56|und|no_rating_yet
56|beim|no_rating_yet
56|versuch|no_rating_yet
56|wieder|no_rating_yet
56|zu|no_rating_yet
56|spielen|no_rating_yet
56|st√ºrzt|no_rating_yet
56|es|no_rating_yet
56|immer|no_rating_yet
56|wieder|no_rating_yet
56|ab|no_rating_yet
56|:(|no_rating_yet
56|bitte|no_rating_yet
56|fixen|no_rating_yet
56|sonst|no_rating_yet
56|lustiges|no_rating_yet
56|spiel|no_rating_yet
57|Sobald|no_rating_yet
57|ich|no_rating_yet
57|das|no_rating_yet
57|Spiel|no_rating_yet
57|starte,|no_rating_yet
57|st√ºrzt|no_rating_yet
57|es|no_rating_yet
57|direkt|no_rating_yet
57|ab.|no_rating_yet
57|Es|no_rating_yet
57|l√§dt|no_rating_yet
57|nicht|no_rating_yet
57|mal.|no_rating_yet
58|Total|no_rating_yet
58|das|no_rating_yet
58|Langweilige|no_rating_yet
58|Spiel.|no_rating_yet
58|1Stern,|no_rating_yet
58|obwohl|no_rating_yet
58|es|no_rating_yet
58|eigentlich|no_rating_yet
58|0|no_rating_yet
58|verdient|no_rating_yet
58|h√§tte.|no_rating_yet
59|Einfach|no_rating_yet
59|nur|no_rating_yet
59|langweilig|no_rating_yet
59|immer|no_rating_yet
59|das|no_rating_yet
59|gleiche|no_rating_yet
59|.|no_rating_yet
59|Nicht|no_rating_yet
59|runterladen|no_rating_yet
59|!|no_rating_yet
59|Mega|no_rating_yet
59|schei√üe|no_rating_yet
60|Macht|no_rating_yet
60|im|no_rating_yet
60|ersten|no_rating_yet
60|Moment|no_rating_yet
60|spa√ü|no_rating_yet
60|aber|no_rating_yet
60|dann|no_rating_yet
60|wirds|no_rating_yet
60|langweilig|no_rating_yet
61|Ich|no_rating_yet
61|w√ºrde|no_rating_yet
61|aber|no_rating_yet
61|noch|no_rating_yet
61|etwas|no_rating_yet
61|Abwechslung|no_rating_yet
61|einbringen.|no_rating_yet
61|Zum|no_rating_yet
61|Beispiel|no_rating_yet
61|Upgrades|no_rating_yet
61|und|no_rating_yet
61|andere|no_rating_yet
61|Waffen|no_rating_yet
61|wie|no_rating_yet
61|Pfeil|no_rating_yet
61|und|no_rating_yet
61|Bogen,|no_rating_yet
61|Schwerter.|no_rating_yet
62|Bin|no_rating_yet
62|jtzt|no_rating_yet
62|bei|no_rating_yet
62|Level|no_rating_yet
62|41|no_rating_yet
62|und|no_rating_yet
62|finde|no_rating_yet
62|es|no_rating_yet
62|toll|no_rating_yet
62|endlich|no_rating_yet
62|eine|no_rating_yet
62|herausforderung|no_rating_yet
62|in|no_rating_yet
62|einem|no_rating_yet
62|spiel|no_rating_yet
62|zu|no_rating_yet
62|haben,|no_rating_yet
62|und|no_rating_yet
62|nicht|no_rating_yet
62|immee|no_rating_yet
62|nur|no_rating_yet
62|instant|no_rating_yet
62|zu|no_rating_yet
62|gewinnen,|no_rating_yet
62|jedoch|no_rating_yet
62|felht|no_rating_yet
62|dem|no_rating_yet
62|spiel|no_rating_yet
62|ein|no_rating_yet
62|wenig|no_rating_yet
62|abwechslung,|no_rating_yet
62|man|no_rating_yet
62|k√∂nnte|no_rating_yet
62|ja|no_rating_yet
62|zum|no_rating_yet
62|beispiel|no_rating_yet
62|einen|no_rating_yet
62|multiplayer|no_rating_yet
62|hinzuf√ºgen|no_rating_yet
62|wo|no_rating_yet
62|man|no_rating_yet
62|gegen|no_rating_yet
62|einen|no_rating_yet
62|Freund|no_rating_yet
62|spiel,|no_rating_yet
62|entweder|no_rating_yet
62|wer|no_rating_yet
62|zuerst|no_rating_yet
62|da|no_rating_yet
62|mamut|no_rating_yet
62|killt|no_rating_yet
62|oder|no_rating_yet
62|wer|no_rating_yet
62|zuerst|no_rating_yet
62|den|no_rating_yet
62|anderen|no_rating_yet
62|spieler|no_rating_yet
62|killt|no_rating_yet
63|...bitte|no_rating_yet
63|mehr|no_rating_yet
63|Waffen|no_rating_yet
63|und|no_rating_yet
63|mehr|no_rating_yet
63|verschiedene|no_rating_yet
63|Tiere.|no_rating_yet
63|Es|no_rating_yet
63|w√§hre|no_rating_yet
63|auch|no_rating_yet
63|cool|no_rating_yet
63|wenn|no_rating_yet
63|man|no_rating_yet
63|mal|no_rating_yet
63|auf|no_rating_yet
63|gegnerische|no_rating_yet
63|Menschen|no_rating_yet
63|mit|no_rating_yet
63|Waffen|no_rating_yet
63|schiessen|no_rating_yet
63|m√ºsste.|no_rating_yet
63|Das|no_rating_yet
63|Spiel|no_rating_yet
63|k√∂nnte|no_rating_yet
63|mal|no_rating_yet
63|so|no_rating_yet
63|was|no_rating_yet
63|gro√ües|no_rating_yet
63|werden,|no_rating_yet
63|dich|no_rating_yet
63|im|no_rating_yet
63|Spiel|no_rating_yet
63|ist|no_rating_yet
63|einfach|no_rating_yet
63|noch|no_rating_yet
63|viel|no_rating_yet
63|zu|no_rating_yet
63|wenig|no_rating_yet
63|geboten.|no_rating_yet
63|Aber|no_rating_yet
63|wirklich|no_rating_yet
63|sehr|no_rating_yet
63|tolles|no_rating_yet
63|Spiel.|no_rating_yet
63|So|no_rating_yet
63|ein|no_rating_yet
63|tolles|no_rating_yet
63|Spiel|no_rating_yet
63|findet|no_rating_yet
63|man|no_rating_yet
63|nicht|no_rating_yet
63|oft.|no_rating_yet
63|:D|no_rating_yet
64|Its|no_rating_yet
64|a|no_rating_yet
64|nice|no_rating_yet
64|game,|no_rating_yet
64|simple|no_rating_yet
64|made|no_rating_yet
64|wirh|no_rating_yet
64|an|no_rating_yet
64|easy|no_rating_yet
64|gameplay,|no_rating_yet
64|i|no_rating_yet
64|think|no_rating_yet
64|it|no_rating_yet
64|could|no_rating_yet
64|be|no_rating_yet
64|annoying|no_rating_yet
64|to|no_rating_yet
64|play|no_rating_yet
64|the|no_rating_yet
64|same|no_rating_yet
64|style|no_rating_yet
64|a|no_rating_yet
64|hjnderts|no_rating_yet
64|of|no_rating_yet
64|levels|no_rating_yet
64|but|no_rating_yet
64|may|no_rating_yet
64|there|no_rating_yet
64|are|no_rating_yet
64|some|no_rating_yet
64|nice|no_rating_yet
64|surpprises|no_rating_yet
64|during|no_rating_yet
64|the|no_rating_yet
64|time....|no_rating_yet
64|One|no_rating_yet
64|point|no_rating_yet
64|that|no_rating_yet
64|is|no_rating_yet
64|on|no_rating_yet
64|my|no_rating_yet
64|opinio|no_rating_yet
64|realy|no_rating_yet
64|nasty:|no_rating_yet
64|give|no_rating_yet
64|the|no_rating_yet
64|hunter|no_rating_yet
64|an|no_rating_yet
64|normal|no_rating_yet
64|voice|no_rating_yet
64|not|no_rating_yet
64|one|no_rating_yet
64|of|no_rating_yet
64|a|no_rating_yet
64|3|no_rating_yet
64|jears|no_rating_yet
64|old|no_rating_yet
64|child.|no_rating_yet
64|please|no_rating_yet
65|Ich|no_rating_yet
65|finde|no_rating_yet
65|das|no_rating_yet
65|Spiel|no_rating_yet
65|ist|no_rating_yet
65|eigentlich|no_rating_yet
65|richtig|no_rating_yet
65|geil|no_rating_yet
65|zum|no_rating_yet
65|spielen|no_rating_yet
65|aber|no_rating_yet
65|man|no_rating_yet
65|k√∂nnte|no_rating_yet
65|es|no_rating_yet
65|noch|no_rating_yet
65|richtig|no_rating_yet
65|ausbauen|no_rating_yet
65|.|no_rating_yet
65|Mit|no_rating_yet
65|z.B|no_rating_yet
65|mehr|no_rating_yet
65|Waffen|no_rating_yet
65|,|no_rating_yet
65|mehr|no_rating_yet
65|Skins,|no_rating_yet
65|und|no_rating_yet
65|mehr|no_rating_yet
65|Gegner|no_rating_yet
66|Dieses|no_rating_yet
66|Spiel|no_rating_yet
66|macht|no_rating_yet
66|voll|no_rating_yet
66|s√ºchtig|no_rating_yet
66|und|no_rating_yet
66|ist|no_rating_yet
66|auch|no_rating_yet
66|super|no_rating_yet
66|von|no_rating_yet
66|der|no_rating_yet
66|Art|no_rating_yet
66|und|no_rating_yet
66|Grafik|no_rating_yet
66|her,aber|no_rating_yet
66|es|no_rating_yet
66|ist|no_rating_yet
66|halt|no_rating_yet
66|zu|no_rating_yet
66|kurz.Ich|no_rating_yet
66|w√ºnschte|no_rating_yet
66|es|no_rating_yet
66|g√§be|no_rating_yet
66|eine|no_rating_yet
66|zweite|no_rating_yet
66|Welt,wo|no_rating_yet
66|man|no_rating_yet
66|vielleicht|no_rating_yet
66|andere|no_rating_yet
66|Tiere|no_rating_yet
66|jagt|no_rating_yet
66|oder|no_rating_yet
66|neue|no_rating_yet
66|Spielmodi.|no_rating_yet
67|Macht|no_rating_yet
67|es|no_rating_yet
67|aber|no_rating_yet
67|autentisch|no_rating_yet
67|und|no_rating_yet
67|zu|no_rating_yet
67|einem|no_rating_yet
67|guten|no_rating_yet
67|ich|no_rating_yet
67|bin|no_rating_yet
67|besoffen|no_rating_yet
67|Spiel|no_rating_yet
67|viele|no_rating_yet
67|lustige|no_rating_yet
67|Sachen|no_rating_yet
67|und|no_rating_yet
67|lustige|no_rating_yet
67|Grafik|no_rating_yet
67|aber|no_rating_yet
67|wo|no_rating_yet
67|sind|no_rating_yet
67|die|no_rating_yet
67|in|no_rating_yet
67|app|no_rating_yet
67|K√§ufe?|no_rating_yet
68|It|no_rating_yet
68|gets|no_rating_yet
68|boring|no_rating_yet
68|quite|no_rating_yet
68|quickly.|no_rating_yet
68|Levels|no_rating_yet
68|40|no_rating_yet
68|and|no_rating_yet
68|I|no_rating_yet
68|seriously|no_rating_yet
68|don't|no_rating_yet
68|want|no_rating_yet
68|to|no_rating_yet
68|play|no_rating_yet
68|anymore.|no_rating_yet
68|You|no_rating_yet
68|get|no_rating_yet
68|hooked|no_rating_yet
68|for|no_rating_yet
68|a|no_rating_yet
68|little|no_rating_yet
68|while,|no_rating_yet
68|but|no_rating_yet
68|then|no_rating_yet
68|the|no_rating_yet
68|levels|no_rating_yet
68|just|no_rating_yet
68|keep|no_rating_yet
68|repeating|no_rating_yet
68|themselves.|no_rating_yet
68|Maybe|no_rating_yet
68|introduce|no_rating_yet
68|some|no_rating_yet
68|kind|no_rating_yet
68|of|no_rating_yet
68|possibility|no_rating_yet
68|of|no_rating_yet
68|upgrading|no_rating_yet
68|spears,|no_rating_yet
68|characters,|no_rating_yet
68|items|no_rating_yet
68|and|no_rating_yet
68|add|no_rating_yet
68|different|no_rating_yet
68|achievements,|no_rating_yet
68|levels|no_rating_yet
68|and|no_rating_yet
68|animals..maybe|no_rating_yet
68|a|no_rating_yet
68|pack|no_rating_yet
68|of|no_rating_yet
68|wolves|no_rating_yet
68|which|no_rating_yet
68|have|no_rating_yet
68|to|no_rating_yet
68|be|no_rating_yet
68|killed|no_rating_yet
68|in|no_rating_yet
68|speficic|no_rating_yet
68|order|no_rating_yet
68|depending|no_rating_yet
68|on|no_rating_yet
68|weapon|no_rating_yet
68|of|no_rating_yet
68|choice|no_rating_yet
68|etc...|no_rating_yet
69|Es|no_rating_yet
69|liegt|no_rating_yet
69|daran|no_rating_yet
69|das|no_rating_yet
69|ihr|no_rating_yet
69|schuld|no_rating_yet
69|seid|no_rating_yet
69|wenn|no_rating_yet
69|ihr|no_rating_yet
69|nicht|no_rating_yet
69|gut|no_rating_yet
69|darin|no_rating_yet
69|sied|no_rating_yet
69|es|no_rating_yet
69|ist|no_rating_yet
69|m√∂glich|no_rating_yet
69|man|no_rating_yet
69|braucht|no_rating_yet
69|nur|no_rating_yet
69|√ºbung|no_rating_yet
69|und|no_rating_yet
69|das|no_rating_yet
69|spiel|no_rating_yet
69|an|no_rating_yet
69|sich|no_rating_yet
69|ist|no_rating_yet
69|gut|no_rating_yet
69|die|no_rating_yet
69|grafik|no_rating_yet
69|ist|no_rating_yet
69|modern|no_rating_yet
69|und|no_rating_yet
69|alles|no_rating_yet
69|andere|no_rating_yet
69|auch|no_rating_yet
70|Aber|no_rating_yet
70|w√ºrde|no_rating_yet
70|mir|no_rating_yet
70|3|no_rating_yet
70|St√§mme|no_rating_yet
70|w√ºnschen|no_rating_yet
70|wie|no_rating_yet
70|Afrikaner|no_rating_yet
70|vs|no_rating_yet
70|Mamot,Jungeltikkis|no_rating_yet
70|vs|no_rating_yet
70|Krokodil,|no_rating_yet
70|Inuits|no_rating_yet
70|vs|no_rating_yet
70|Eisb√§r|no_rating_yet
70|sonst|no_rating_yet
70|echt|no_rating_yet
70|klasse|no_rating_yet
71|I|no_rating_yet
71|really|no_rating_yet
71|like|no_rating_yet
71|the|no_rating_yet
71|graphics,|no_rating_yet
71|the|no_rating_yet
71|animations,|no_rating_yet
71|the|no_rating_yet
71|gameplay.|no_rating_yet
71|Simple|no_rating_yet
71|rules,|no_rating_yet
71|pretty|no_rating_yet
71|challenging|no_rating_yet
71|etc.|no_rating_yet
71|-|no_rating_yet
71|but|no_rating_yet
71|there|no_rating_yet
71|is|no_rating_yet
71|absolutely|no_rating_yet
71|nothing|no_rating_yet
71|you|no_rating_yet
71|can|no_rating_yet
71|archive.|no_rating_yet
71|You|no_rating_yet
71|play|no_rating_yet
71|one|no_rating_yet
71|level,|no_rating_yet
71|then|no_rating_yet
71|the|no_rating_yet
71|next|no_rating_yet
71|one,|no_rating_yet
71|the|no_rating_yet
71|next|no_rating_yet
71|one|no_rating_yet
71|and|no_rating_yet
71|so|no_rating_yet
71|on.|no_rating_yet
71|But|no_rating_yet
71|they|no_rating_yet
71|are|no_rating_yet
71|pretty|no_rating_yet
71|much|no_rating_yet
71|similar.|no_rating_yet
71|Where|no_rating_yet
71|are|no_rating_yet
71|upgrades|no_rating_yet
71|which|no_rating_yet
71|are|no_rating_yet
71|increasing|no_rating_yet
71|speed,|no_rating_yet
71|damage|no_rating_yet
71|etc.|no_rating_yet
71|of|no_rating_yet
71|the|no_rating_yet
71|spears.|no_rating_yet
71|What|no_rating_yet
71|about|no_rating_yet
71|things|no_rating_yet
71|like|no_rating_yet
71|poison|no_rating_yet
71|spears?|no_rating_yet
71|More|no_rating_yet
71|animals?|no_rating_yet
71|Arcade|no_rating_yet
71|game|no_rating_yet
71|mode?|no_rating_yet
71|A|no_rating_yet
71|story?|no_rating_yet
71|There|no_rating_yet
71|is|no_rating_yet
71|so|no_rating_yet
71|much|no_rating_yet
71|more|no_rating_yet
71|to|no_rating_yet
71|do,|no_rating_yet
71|otherwise|no_rating_yet
71|it|no_rating_yet
71|would|no_rating_yet
71|be|no_rating_yet
71|a|no_rating_yet
71|waste|no_rating_yet
71|of|no_rating_yet
71|a|no_rating_yet
71|great|no_rating_yet
71|concept|no_rating_yet
71|-|no_rating_yet
71|so|no_rating_yet
71|keep|no_rating_yet
71|up|no_rating_yet
71|the|no_rating_yet
71|good|no_rating_yet
71|work|no_rating_yet
71|:)|no_rating_yet
72|Nach|no_rating_yet
72|mehreren|no_rating_yet
72|Wochen|no_rating_yet
72|habe|no_rating_yet
72|ich|no_rating_yet
72|es|no_rating_yet
72|endlich|no_rating_yet
72|geschafft|no_rating_yet
72|durch|no_rating_yet
72|zu|no_rating_yet
72|spielen.|no_rating_yet
72|Sehr|no_rating_yet
72|schwer|no_rating_yet
72|abe|no_rating_yet
72|m√∂glich.|no_rating_yet
72|Ich|no_rating_yet
72|hoffe|no_rating_yet
72|auf|no_rating_yet
72|einen|no_rating_yet
72|weiteren|no_rating_yet
72|Teil|no_rating_yet
72|zum|no_rating_yet
72|Beispiel|no_rating_yet
72|mit|no_rating_yet
72|Sabelzahntigern|no_rating_yet
72|o.√§.|no_rating_yet
73|Und|no_rating_yet
73|das|no_rating_yet
73|Mammut|no_rating_yet
73|bewegt|no_rating_yet
73|sich|no_rating_yet
73|viel|no_rating_yet
73|zu|no_rating_yet
73|random.|no_rating_yet
73|Dann|no_rating_yet
73|k√∂nnt|no_rating_yet
73|ihrs|no_rating_yet
73|gleich|no_rating_yet
73|fliegen|no_rating_yet
73|lassen.|no_rating_yet
74|Wird|no_rating_yet
74|beim|no_rating_yet
74|Start|no_rating_yet
74|automatisch|no_rating_yet
74|beendet|no_rating_yet
74|:(|no_rating_yet
75|Es|no_rating_yet
75|macht|no_rating_yet
75|Spa√ü|no_rating_yet
75|herausgefordert|no_rating_yet
75|zu|no_rating_yet
75|werden|no_rating_yet
75|in|no_rating_yet
75|diesen|no_rating_yet
75|Spiel,|no_rating_yet
75|am|no_rating_yet
75|Anfang|no_rating_yet
75|ist|no_rating_yet
75|es|no_rating_yet
75|etwas|no_rating_yet
75|knifflig,|no_rating_yet
75|doch|no_rating_yet
75|mit|no_rating_yet
75|der|no_rating_yet
75|zeit|no_rating_yet
75|macht|no_rating_yet
75|es|no_rating_yet
75|echt|no_rating_yet
75|Spa√ü|no_rating_yet
75|und|no_rating_yet
75|ist|no_rating_yet
75|eine|no_rating_yet
75|gute|no_rating_yet
75|M√∂glichkeit|no_rating_yet
75|zum|no_rating_yet
75|Zeit|no_rating_yet
75|vertreiben.|no_rating_yet
76|Nix|no_rating_yet
76|gro√ües|no_rating_yet
76|aber|no_rating_yet
76|gut|no_rating_yet
76|gemacht..|no_rating_yet
76|W√ºrde|no_rating_yet
76|gerne|no_rating_yet
76|4|no_rating_yet
76|oder|no_rating_yet
76|5|no_rating_yet
76|Sterne|no_rating_yet
76|geben|no_rating_yet
76|aber|no_rating_yet
76|erst|no_rating_yet
76|wenn|no_rating_yet
76|die|no_rating_yet
76|die|no_rating_yet
76|cheater|no_rating_yet
76|raus|no_rating_yet
76|nehmen.|no_rating_yet
77|Nettes|no_rating_yet
77|Spiel|no_rating_yet
77|f√ºr|no_rating_yet
77|zwischendurch.|no_rating_yet
77|Am|no_rating_yet
77|Ende|no_rating_yet
77|der|no_rating_yet
77|20ziger|no_rating_yet
77|Tage|no_rating_yet
77|ben√∂tigt|no_rating_yet
77|man|no_rating_yet
77|manchmal|no_rating_yet
77|mehrere|no_rating_yet
77|Versuche,|no_rating_yet
77|macht|no_rating_yet
77|aber|no_rating_yet
77|trotzdem|no_rating_yet
77|oder|no_rating_yet
77|gerade|no_rating_yet
77|deswegen|no_rating_yet
77|Spa√ü|no_rating_yet
78|Ganz|no_rating_yet
78|witzig|no_rating_yet
78|gemacht.|no_rating_yet
78|Wird|no_rating_yet
78|aber|no_rating_yet
78|schnell|no_rating_yet
78|eint√∂nig.|no_rating_yet
78|Und|no_rating_yet
78|gelegentlich|no_rating_yet
78|crasht|no_rating_yet
78|das|no_rating_yet
78|Spiel|no_rating_yet
79|Echt|no_rating_yet
79|ein|no_rating_yet
79|tolles|no_rating_yet
79|Spiel|no_rating_yet
79|aber|no_rating_yet
79|ab|no_rating_yet
79|level|no_rating_yet
79|23|no_rating_yet
79|ist|no_rating_yet
79|es|no_rating_yet
79|einfach|no_rating_yet
79|nicht|no_rating_yet
79|mehr|no_rating_yet
79|machbar,|no_rating_yet
79|wie|no_rating_yet
79|soll|no_rating_yet
79|es|no_rating_yet
79|erst|no_rating_yet
79|bei|no_rating_yet
79|Level|no_rating_yet
79|100|no_rating_yet
79|sein?|no_rating_yet
80|Cooles|no_rating_yet
80|Spiel|no_rating_yet
80|um|no_rating_yet
80|zeit|no_rating_yet
80|zu|no_rating_yet
80|vertreiben|no_rating_yet
80|ansonsten|no_rating_yet
80|nichts|no_rating_yet
80|was|no_rating_yet
80|ein|no_rating_yet
80|vom|no_rating_yet
80|Hocker|no_rating_yet
80|Haut|no_rating_yet
80|gute|no_rating_yet
80|Grafik|no_rating_yet
80|bei|no_rating_yet
80|mir|no_rating_yet
80|zumindestends|no_rating_yet
80|(s6)|no_rating_yet
81|Nur|no_rating_yet
81|hin|no_rating_yet
81|und|no_rating_yet
81|wieder|no_rating_yet
81|ist|no_rating_yet
81|es|no_rating_yet
81|fustriernt|no_rating_yet
81|wenn|no_rating_yet
81|man|no_rating_yet
81|das|no_rating_yet
81|leben|no_rating_yet
81|weg|no_rating_yet
81|hat|no_rating_yet
81|aber|no_rating_yet
81|diesen|no_rating_yet
81|wei√üen|no_rating_yet
81|Punkt|no_rating_yet
81|nicht|no_rating_yet
81|getroffen|no_rating_yet
81|hat|no_rating_yet
82|Das|no_rating_yet
82|spiel|no_rating_yet
82|is|no_rating_yet
82|echt|no_rating_yet
82|gut,|no_rating_yet
82|aber|no_rating_yet
82|ich|no_rating_yet
82|finde|no_rating_yet
82|das|no_rating_yet
82|spiel|no_rating_yet
82|ist|no_rating_yet
82|zu|no_rating_yet
82|repetiv|no_rating_yet
82|und|no_rating_yet
82|deswegen|no_rating_yet
82|schlage|no_rating_yet
82|ich|no_rating_yet
82|vor|no_rating_yet
82|einen|no_rating_yet
82|shop|no_rating_yet
82|f√ºr|no_rating_yet
82|upgrades|no_rating_yet
82|zu|no_rating_yet
82|adden|no_rating_yet
82|das|no_rating_yet
82|w√ºrde|no_rating_yet
82|das|no_rating_yet
82|spiel|no_rating_yet
82|intressanter|no_rating_yet
82|machen.|no_rating_yet
83|Super|no_rating_yet
83|Spiel|no_rating_yet
83|zum|no_rating_yet
83|Zeitvertreib!!!|no_rating_yet
83|Finde|no_rating_yet
83|das|no_rating_yet
83|kann|no_rating_yet
83|jung|no_rating_yet
83|und|no_rating_yet
83|alt|no_rating_yet
83|spielen....|no_rating_yet
83|Macht|no_rating_yet
83|einfach|no_rating_yet
83|nur|no_rating_yet
83|Spa√ü.|no_rating_yet
83|Aber|no_rating_yet
83|mehr|no_rating_yet
83|Level|no_rating_yet
83|w√§ren|no_rating_yet
83|cool,|no_rating_yet
83|auch|no_rating_yet
83|100lv|no_rating_yet
83|gehen|no_rating_yet
83|schnell|no_rating_yet
83|vorbei|no_rating_yet
83|;)|no_rating_yet
84|Dieses|no_rating_yet
84|Spiel|no_rating_yet
84|ist|no_rating_yet
84|einfach,|no_rating_yet
84|doch|no_rating_yet
84|manchmal|no_rating_yet
84|ist|no_rating_yet
84|es|no_rating_yet
84|schwer|no_rating_yet
84|weiter|no_rating_yet
84|zukommen|no_rating_yet
84|es|no_rating_yet
84|macht|no_rating_yet
84|wirklich|no_rating_yet
84|s√ºchtig.|no_rating_yet
84|M√ºsst|no_rating_yet
84|ihr|no_rating_yet
84|mindestens|no_rating_yet
84|einmal|no_rating_yet
84|gespielt|no_rating_yet
84|haben|no_rating_yet
85|Ein|no_rating_yet
85|Verbesserung|no_rating_yet
85|w√§re|no_rating_yet
85|vielleicht|no_rating_yet
85|dieses|no_rating_yet
85|Spiel|no_rating_yet
85|auch|no_rating_yet
85|gegen|no_rating_yet
85|andere|no_rating_yet
85|steinzeit|no_rating_yet
85|tiere|no_rating_yet
85|zu|no_rating_yet
85|spielen|no_rating_yet
86|Das|no_rating_yet
86|ist|no_rating_yet
86|irgend|no_rating_yet
86|wann|no_rating_yet
86|so|no_rating_yet
86|unfair|no_rating_yet
86|wenn|no_rating_yet
86|das|no_rating_yet
86|mamut|no_rating_yet
86|nur|no_rating_yet
86|noch|no_rating_yet
86|auf|no_rating_yet
86|dich|no_rating_yet
86|zu|no_rating_yet
86|rennt|no_rating_yet
86|da|no_rating_yet
86|kommt|no_rating_yet
86|mann|no_rating_yet
86|nicht|no_rating_yet
86|weiter|no_rating_yet
87|Diese|no_rating_yet
87|Musik|no_rating_yet
87|und|no_rating_yet
87|das|no_rating_yet
87|spielprinzip|no_rating_yet
87|verbunden|no_rating_yet
87|sind|no_rating_yet
87|echt|no_rating_yet
87|verst√∂rend.|no_rating_yet
88|Ganz|no_rating_yet
88|cool,|no_rating_yet
88|w√§re|no_rating_yet
88|aber|no_rating_yet
88|noch|no_rating_yet
88|besser|no_rating_yet
88|wenn|no_rating_yet
88|die|no_rating_yet
88|Level|no_rating_yet
88|etwas|no_rating_yet
88|unterschiedlicher|no_rating_yet
88|aufgebaut|no_rating_yet
88|w√§ren.|no_rating_yet
89|Es|no_rating_yet
89|is|no_rating_yet
89|schwer|no_rating_yet
89|und|no_rating_yet
89|ein|no_rating_yet
89|bisschen|no_rating_yet
89|repetitiv,|no_rating_yet
89|aber|no_rating_yet
89|tortzdem|no_rating_yet
89|geil|no_rating_yet
89|und|no_rating_yet
89|unterhaltsam|no_rating_yet
89|^^|no_rating_yet
90|Alle|no_rating_yet
90|100|no_rating_yet
90|Level|no_rating_yet
90|hab|no_rating_yet
90|ich|no_rating_yet
90|geschafft.|no_rating_yet
90|Also|no_rating_yet
90|alles|no_rating_yet
90|machbar.|no_rating_yet
90|Keine|no_rating_yet
90|Werbung.|no_rating_yet
90|Kein|no_rating_yet
90|Aufh√§ngen.|no_rating_yet
90|Alles|no_rating_yet
90|in|no_rating_yet
90|allem|no_rating_yet
90|5|no_rating_yet
90|Sterne.|no_rating_yet
91|Ein|no_rating_yet
91|tolles|no_rating_yet
91|spiel|no_rating_yet
91|es|no_rating_yet
91|macht|no_rating_yet
91|spa√ü|no_rating_yet
91|aber|no_rating_yet
91|es|no_rating_yet
91|gibt|no_rating_yet
91|keine|no_rating_yet
91|richtige|no_rating_yet
91|story.|no_rating_yet
91|Aber|no_rating_yet
91|es|no_rating_yet
91|ist|no_rating_yet
91|ein|no_rating_yet
91|sehr|no_rating_yet
91|gutes|no_rating_yet
91|spiel|no_rating_yet
92|Das|no_rating_yet
92|spiel|no_rating_yet
92|ist|no_rating_yet
92|√ºbertrieben|no_rating_yet
92|gut!|no_rating_yet
92|Props|no_rating_yet
92|an|no_rating_yet
92|die|no_rating_yet
92|developers.|no_rating_yet
92|:)|no_rating_yet
92|W√ºrde|no_rating_yet
92|sogar|no_rating_yet
92|money|no_rating_yet
92|spenden|no_rating_yet
93|Das|no_rating_yet
93|Spiel|no_rating_yet
93|ist|no_rating_yet
93|so|no_rating_yet
93|dumm|no_rating_yet
93|das|no_rating_yet
93|es|no_rating_yet
93|schon|no_rating_yet
93|wieder|no_rating_yet
93|MEGA|no_rating_yet
93|GEIL|no_rating_yet
93|istüòÑüòÑüòÑ|no_rating_yet
94|Habe|no_rating_yet
94|dieses|no_rating_yet
94|Spiel|no_rating_yet
94|vor|no_rating_yet
94|kurzem|no_rating_yet
94|durchgespielt|no_rating_yet
94|(bis|no_rating_yet
94|LvL|no_rating_yet
94|100)|no_rating_yet
94|und|no_rating_yet
94|muss|no_rating_yet
94|sagen|no_rating_yet
94|es|no_rating_yet
94|ging|no_rating_yet
94|eigentlich|no_rating_yet
94|nicht|no_rating_yet
94|schwer.|no_rating_yet
94|Wenn|no_rating_yet
94|man|no_rating_yet
94|die|no_rating_yet
94|Taktik|no_rating_yet
94|herausfindet|no_rating_yet
94|ist|no_rating_yet
94|es|no_rating_yet
94|kein|no_rating_yet
94|Problem.|no_rating_yet
95|Das|no_rating_yet
95|Spiel|no_rating_yet
95|macht|no_rating_yet
95|sehr|no_rating_yet
95|viel|no_rating_yet
95|Spa√ü|no_rating_yet
95|und|no_rating_yet
95|dope|no_rating_yet
95|Grafik|no_rating_yet
95|ist|no_rating_yet
95|auch|no_rating_yet
95|Gut|no_rating_yet
95|(modern)!|no_rating_yet
95|Aber|no_rating_yet
95|bei|no_rating_yet
95|den|no_rating_yet
95|‚Äúweak|no_rating_yet
95|points‚Äú|no_rating_yet
95|wird|no_rating_yet
95|es|no_rating_yet
95|um|no_rating_yet
95|einiges|no_rating_yet
95|schwerer.|no_rating_yet
95|Aber|no_rating_yet
95|zu|no_rating_yet
95|schaffen|no_rating_yet
95|ist|no_rating_yet
95|es|no_rating_yet
95|immer|no_rating_yet
95|noch.|no_rating_yet
96|Ich|no_rating_yet
96|finde|no_rating_yet
96|das|no_rating_yet
96|Spiel|no_rating_yet
96|zimlich|no_rating_yet
96|cool|no_rating_yet
96|aber|no_rating_yet
96|wenn|no_rating_yet
96|neue|no_rating_yet
96|Level|no_rating_yet
96|rauskommen|no_rating_yet
96|sollten|no_rating_yet
96|sie|no_rating_yet
96|schwieriger|no_rating_yet
96|sein|no_rating_yet
96|weil|no_rating_yet
96|ich|no_rating_yet
96|alle|no_rating_yet
96|Level|no_rating_yet
96|in|no_rating_yet
96|ca.2|no_rating_yet
96|Tagen|no_rating_yet
96|durch|no_rating_yet
96|spielen|no_rating_yet
96|konnte|no_rating_yet
96|.|no_rating_yet
97|Sehr|no_rating_yet
97|cool|no_rating_yet
97|aber|no_rating_yet
97|Bissl|no_rating_yet
97|dumm|no_rating_yet
97|das|no_rating_yet
97|vllt|no_rating_yet
97|die|no_rating_yet
97|mamuts|no_rating_yet
97|vllt|no_rating_yet
97|anders|no_rating_yet
97|aussehen|no_rating_yet
97|k√∂nnen|no_rating_yet
98|Es|no_rating_yet
98|ist|no_rating_yet
98|nicht|no_rating_yet
98|schaffbar|no_rating_yet
98|das|no_rating_yet
98|mamut|no_rating_yet
98|ist|no_rating_yet
98|immer|no_rating_yet
98|schneller|no_rating_yet
99|Very|no_rating_yet
99|funny|no_rating_yet
99|and|no_rating_yet
99|entertaining.|no_rating_yet
99|I|no_rating_yet
99|wished|no_rating_yet
99|there|no_rating_yet
99|where|no_rating_yet
99|more|no_rating_yet
99|beasts|no_rating_yet
99|to|no_rating_yet
99|fight|no_rating_yet
99|and|no_rating_yet
99|some|no_rating_yet
99|kind|no_rating_yet
99|of|no_rating_yet
99|improve|no_rating_yet
99|yourself|no_rating_yet
99|and|no_rating_yet
99|your|no_rating_yet
99|weapons|no_rating_yet
99|by|no_rating_yet
99|hunting|no_rating_yet
99|other|no_rating_yet
99|monsters|no_rating_yet
99|in|no_rating_yet
99|their|no_rating_yet
99|territories.|no_rating_yet
100|Gut|no_rating_yet
100|gemacht|no_rating_yet
100|f√ºr|no_rating_yet
100|Langeweile|no_rating_yet
100|w√ºrde|no_rating_yet
100|mir|no_rating_yet
100|w√ºnschen|no_rating_yet
100|das|no_rating_yet
100|es|no_rating_yet
100|noch|no_rating_yet
100|mehr|no_rating_yet
100|lvl|no_rating_yet
100|gibt|no_rating_yet
100|habe|no_rating_yet
100|es|no_rating_yet
100|aus|no_rating_yet
100|gespielt|no_rating_yet
101|Mach|no_rating_yet
101|zu|no_rating_yet
101|s√ºchtig|no_rating_yet
101|und|no_rating_yet
101|regt|no_rating_yet
101|ein|no_rating_yet
101|auf|no_rating_yet
101|wenn|no_rating_yet
101|man|no_rating_yet
101|das|no_rating_yet
101|level|no_rating_yet
101|tausend|no_rating_yet
101|mal|no_rating_yet
101|brobiert|no_rating_yet
101|hat|no_rating_yet
101|also|no_rating_yet
101|bitte|no_rating_yet
101|nicht|no_rating_yet
101|herunterladen|no_rating_yet
101|üëøüëøüëøüëøüëøüòèüíÄüí¢üí¢üí¢üí¢üí¢üí©‚úãüëçüëãüëãüëÑüëÉ‚úäüëáüëåüëÉüèÉüëáüôÖüôÖüôÖüôÖüôÖüôÖüôÖüôÖüôÖüôÖüôÖüôÖüôÖüôÖüëë|no_rating_yet
102|1|no_rating_yet
102|Stern,|no_rating_yet
102|schei√ü|no_rating_yet
102|all,|no_rating_yet
102|st√ºrzt|no_rating_yet
102|direkt|no_rating_yet
102|nach|no_rating_yet
102|dem|no_rating_yet
102|√∂ffnen|no_rating_yet
102|ab|no_rating_yet
103|Wenn|no_rating_yet
103|ich|no_rating_yet
103|es|no_rating_yet
103|ein|no_rating_yet
103|zweites|no_rating_yet
103|mal|no_rating_yet
103|√∂ffnen|no_rating_yet
103|will|no_rating_yet
103|freezt|no_rating_yet
103|es|no_rating_yet
103|im|no_rating_yet
103|Ladebildschirm...wenn|no_rating_yet
103|m√∂glich|no_rating_yet
103|,|no_rating_yet
103|bitte|no_rating_yet
103|fehler|no_rating_yet
103|beheben|no_rating_yet
104|Schlechtes|no_rating_yet
104|Aim,|no_rating_yet
104|doch|no_rating_yet
104|Juckt|no_rating_yet
104|in|no_rating_yet
104|nicht.|no_rating_yet
104|Samira|no_rating_yet
104|in|no_rating_yet
104|sein|no_rating_yet
104|Gesicht.|no_rating_yet
105|I|no_rating_yet
105|like|no_rating_yet
105|this|no_rating_yet
105|game|no_rating_yet
105|but|no_rating_yet
105|it|no_rating_yet
105|would|no_rating_yet
105|be|no_rating_yet
105|very|no_rating_yet
105|cool|no_rating_yet
105|if|no_rating_yet
105|you|no_rating_yet
105|can|no_rating_yet
105|add|no_rating_yet
105|more|no_rating_yet
105|animals|no_rating_yet
105|which|no_rating_yet
105|you|no_rating_yet
105|can|no_rating_yet
105|hunt|no_rating_yet
105|for|no_rating_yet
105|example|no_rating_yet
105|buffalos|no_rating_yet
105|or|no_rating_yet
105|Sabre-tooth|no_rating_yet
105|tiger|no_rating_yet
105|:/|no_rating_yet
106|Ist|no_rating_yet
106|ein|no_rating_yet
106|super|no_rating_yet
106|Spiel|no_rating_yet
106|,dass|no_rating_yet
106|man|no_rating_yet
106|sehr|no_rating_yet
106|gut|no_rating_yet
106|spielen|no_rating_yet
106|kann|no_rating_yet
106|.Wenn|no_rating_yet
106|man|no_rating_yet
106|z.B.|no_rating_yet
106|auf|no_rating_yet
106|seinen|no_rating_yet
106|Bus|no_rating_yet
106|wartet|no_rating_yet
106|,ist|no_rating_yet
106|es|no_rating_yet
106|ein|no_rating_yet
106|netter|no_rating_yet
106|Zeitvertreib.|no_rating_yet
106|W√ºrde|no_rating_yet
106|ich|no_rating_yet
106|euch|no_rating_yet
106|sehr|no_rating_yet
106|empfehlen|no_rating_yet
106|üòÄ|no_rating_yet
107|Won't|no_rating_yet
107|start|no_rating_yet
107|most|no_rating_yet
107|of|no_rating_yet
107|the|no_rating_yet
107|time,|no_rating_yet
107|freezes|no_rating_yet
107|much|no_rating_yet
107|to|no_rating_yet
107|often.|no_rating_yet
107|Android|no_rating_yet
107|6.|no_rating_yet
107|0.1|no_rating_yet
108|Das|no_rating_yet
108|ist|no_rating_yet
108|eines|no_rating_yet
108|der|no_rating_yet
108|BESTEN|no_rating_yet
108|Spiele|no_rating_yet
108|die|no_rating_yet
108|ich|no_rating_yet
108|gespielt|no_rating_yet
108|habe!!!|no_rating_yet
108|Grafik|no_rating_yet
108|Super,gameplay|no_rating_yet
108|perfekt|no_rating_yet
108|und|no_rating_yet
108|man|no_rating_yet
108|merkt|no_rating_yet
108|nach|no_rating_yet
108|und|no_rating_yet
108|nach|no_rating_yet
108|wird|no_rating_yet
108|es|no_rating_yet
108|schwerer.Hab|no_rating_yet
108|es|no_rating_yet
108|jetzt|no_rating_yet
108|schon|no_rating_yet
108|mit|no_rating_yet
108|allen|no_rating_yet
108|meinen|no_rating_yet
108|Freunden|no_rating_yet
108|geteilt|no_rating_yet
108|und|no_rating_yet
108|sie|no_rating_yet
108|spielen|no_rating_yet
108|es|no_rating_yet
108|auch|no_rating_yet
108|!|no_rating_yet
108|ACHTUNG:|no_rating_yet
108|Suchtgefahr|no_rating_yet
108|!!!|no_rating_yet
109|...|no_rating_yet
109|dieser|no_rating_yet
109|kurzweilige,|no_rating_yet
109|die|no_rating_yet
109|versch√ºtteten|no_rating_yet
109|archaischen|no_rating_yet
109|Bed√ºrfnisse|no_rating_yet
109|ansprechende|no_rating_yet
109|Zeitvertreib|no_rating_yet
109|f√ºr|no_rating_yet
109|zwischendurch.|no_rating_yet
109|Leider|no_rating_yet
109|kann|no_rating_yet
109|die|no_rating_yet
109|Motivation|no_rating_yet
109|nicht|no_rating_yet
109|allzu|no_rating_yet
109|lang|no_rating_yet
109|aufrechterhalten|no_rating_yet
109|werden.|no_rating_yet
110|Kleines,|no_rating_yet
110|interessantes|no_rating_yet
110|Spiel|no_rating_yet
110|f√ºr|no_rating_yet
110|Zwischendurch.|no_rating_yet
110|Gute|no_rating_yet
110|Spieldynamik,|no_rating_yet
110|steigender|no_rating_yet
110|Anspruch.|no_rating_yet
110|Weiter|no_rating_yet
110|so|no_rating_yet
110|Spiele|no_rating_yet
110|machen|no_rating_yet
110|:-)|no_rating_yet
111|Die|no_rating_yet
111|Steuerung|no_rating_yet
111|ist|no_rating_yet
111|sehr|no_rating_yet
111|schlecht|no_rating_yet
111|und|no_rating_yet
111|schwammig|no_rating_yet
111|somit|no_rating_yet
111|man|no_rating_yet
111|sehr|no_rating_yet
111|schlecht|no_rating_yet
111|spielen|no_rating_yet
111|kann|no_rating_yet
112|Bin|no_rating_yet
112|level|no_rating_yet
112|20|no_rating_yet
112|ich|no_rating_yet
112|fing|no_rating_yet
112|gar|no_rating_yet
112|nicht|no_rating_yet
112|so|no_rating_yet
112|schwer|no_rating_yet
112|man|no_rating_yet
112|braucht|no_rating_yet
112|nur|no_rating_yet
112|gute|no_rating_yet
112|tacktik|no_rating_yet
113|Hey|no_rating_yet
113|Leute|no_rating_yet
113|,|no_rating_yet
113|gutes|no_rating_yet
113|Spiel|no_rating_yet
113|,|no_rating_yet
113|gute|no_rating_yet
113|Idee|no_rating_yet
113|.|no_rating_yet
113|Macht|no_rating_yet
113|Spa√ü....!|no_rating_yet
114|Macht|no_rating_yet
114|total|no_rating_yet
114|s√ºchtig|no_rating_yet
114|aber|no_rating_yet
114|ist|no_rating_yet
114|sehr|no_rating_yet
114|schwer|no_rating_yet
115|Nur|no_rating_yet
115|leider|no_rating_yet
115|st√∂ren|no_rating_yet
115|mich|no_rating_yet
115|die|no_rating_yet
115|sto√üz√§hne|no_rating_yet
115|ein|no_rating_yet
115|wenig,|no_rating_yet
115|die|no_rating_yet
115|blocken|no_rating_yet
115|einfach|no_rating_yet
115|alles|no_rating_yet
116|Mammut|no_rating_yet
116|hat|no_rating_yet
116|0|no_rating_yet
116|leben,|no_rating_yet
116|mission|no_rating_yet
116|trotzdem|no_rating_yet
116|nicht|no_rating_yet
116|geschafft.|no_rating_yet
116|Brauch|no_rating_yet
116|ich|no_rating_yet
116|nicht|no_rating_yet
117|Das|no_rating_yet
117|game|no_rating_yet
117|finde|no_rating_yet
117|ich|no_rating_yet
117|eingendlich|no_rating_yet
117|eh|no_rating_yet
117|ganz|no_rating_yet
117|geil|no_rating_yet
117|aber|no_rating_yet
117|der|no_rating_yet
117|schei√ü|no_rating_yet
117|Bastard|no_rating_yet
117|haut|no_rating_yet
117|mich|no_rating_yet
117|die|no_rating_yet
117|ganze|no_rating_yet
117|zeit|no_rating_yet
117|raus|no_rating_yet
117|üî™üí©üî´|no_rating_yet
118|Ich|no_rating_yet
118|hab|no_rating_yet
118|mich|no_rating_yet
118|in|no_rating_yet
118|dieses|no_rating_yet
118|Spiel|no_rating_yet
118|verliiiieeebt...Es|no_rating_yet
118|macht|no_rating_yet
118|einfach|no_rating_yet
118|nur|no_rating_yet
118|s√ºchtig|no_rating_yet
118|und|no_rating_yet
118|mach|no_rating_yet
118|voll|no_rating_yet
118|Spa√üüòçüëè|no_rating_yet
119|It's|no_rating_yet
119|a|no_rating_yet
119|nice|no_rating_yet
119|game|no_rating_yet
119|but|no_rating_yet
119|after|no_rating_yet
119|a|no_rating_yet
119|few|no_rating_yet
119|level|no_rating_yet
119|I|no_rating_yet
119|think|no_rating_yet
119|it|no_rating_yet
119|gets|no_rating_yet
119|a|no_rating_yet
119|bit|no_rating_yet
119|boring.|no_rating_yet
119|Add|no_rating_yet
119|a|no_rating_yet
119|rocketlauncher|no_rating_yet
119|then|no_rating_yet
119|it|no_rating_yet
119|will|no_rating_yet
119|be|no_rating_yet
119|5|no_rating_yet
119|stars|no_rating_yet
120|Darum|no_rating_yet
120|gibt|no_rating_yet
120|es|no_rating_yet
120|2|no_rating_yet
120|Sterne|no_rating_yet
120|abzug.|no_rating_yet
120|Habe|no_rating_yet
120|galaxy|no_rating_yet
120|s4.|no_rating_yet
120|Ansonsten|no_rating_yet
120|ist|no_rating_yet
120|das|no_rating_yet
120|Spiel|no_rating_yet
120|sehr|no_rating_yet
120|gelungen|no_rating_yet
120|und|no_rating_yet
120|ein|no_rating_yet
120|toller|no_rating_yet
120|Zeitvertreib.|no_rating_yet
121|Wird|no_rating_yet
121|trotz|no_rating_yet
121|schwerer|no_rating_yet
121|Mammuts|no_rating_yet
121|und|no_rating_yet
121|vielen|no_rating_yet
121|Versuchen|no_rating_yet
121|nicht|no_rating_yet
121|bl√∂d|no_rating_yet
121|also|no_rating_yet
121|wenn|no_rating_yet
121|man|no_rating_yet
121|langeweile|no_rating_yet
121|hat:|no_rating_yet
121|emlfehlenswert|no_rating_yet
121|‚Üê_‚Üê‚Üí_‚Üí|no_rating_yet
122|Beobachten|no_rating_yet
122|sie|no_rating_yet
122|das|no_rating_yet
122|Mamut,und|no_rating_yet
122|dann|no_rating_yet
122|Schlagen|no_rating_yet
122|sie|no_rating_yet
122|zu;^)|no_rating_yet
123|Ganz|no_rating_yet
123|lustig.|no_rating_yet
123|Mal|no_rating_yet
123|sehen,|no_rating_yet
123|wie|no_rating_yet
123|lange|no_rating_yet
123|es|no_rating_yet
123|mich|no_rating_yet
123|begeistern|no_rating_yet
123|kann.|no_rating_yet
123|Das|no_rating_yet
123|Spielprinzip|no_rating_yet
123|ist|no_rating_yet
123|simpel,|no_rating_yet
123|gibt|no_rating_yet
123|aber|no_rating_yet
123|eben|no_rating_yet
123|nicht|no_rating_yet
123|viele|no_rating_yet
123|Varianten|no_rating_yet
123|her.|no_rating_yet
124|Mist,ich|no_rating_yet
124|kann|no_rating_yet
124|die|no_rating_yet
124|App|no_rating_yet
124|nicht|no_rating_yet
124|mehr|no_rating_yet
124|√ñffnen.|no_rating_yet
124|Aber|no_rating_yet
124|ansonsten|no_rating_yet
124|cooles|no_rating_yet
124|Spiel.|no_rating_yet
125|Absoluter|no_rating_yet
125|Zeitfresser!|no_rating_yet
125|Macht|no_rating_yet
125|s√ºchtig!|no_rating_yet
